INSERT INTO codezone.users (id, name, slug, email, email_verified_at, password, remember_token, role, status,
                            avatar_url, created_at, updated_at)
VALUES (1, 'Bùi Văn Huy', 'bui-van-huy', 'huy@codezone.com', '2025-07-16 07:57:22',
        '$2y$12$HoljsOWAgseg.FvcYlPUb.4xG9kbSh0RI791dPgB/gsqG.glziGPG',
        'YJZsNj3Mhl60z7MbKPQJOWq0BRTDolFjjtJmY3926xCW1K0PsO9VegIOFoiw', 'instructor', 'active',
        'https://s120-ava-talk.zadn.vn/e/8/1/7/114/120/3e68e079d838923a991b2084d83f84c7.jpg', '2025-07-16 07:57:22',
        '2025-07-16 07:57:22');
INSERT INTO codezone.users (id, name, slug, email, email_verified_at, password, remember_token, role, status,
                            avatar_url, created_at, updated_at)
VALUES (2, 'Nguyễn Hoàng Bảo Quân', 'nguyen-hoang-bao-quan', 'baoquan@zalo.com', '2025-07-16 07:57:22',
        '$2y$12$HoljsOWAgseg.FvcYlPUb.4xG9kbSh0RI791dPgB/gsqG.glziGPG', 'UhBpv0OLwa', 'student', 'active',
        'https://s120-ava-talk.zadn.vn/e/b/c/4/14/120/46ccb5a6f617d44a0deb5b7c78cc57dd.jpg', '2025-07-16 07:57:22',
        '2025-07-16 07:57:22');
INSERT INTO codezone.users (id, name, slug, email, email_verified_at, password, remember_token, role, status,
                            avatar_url, created_at, updated_at)
VALUES (3, 'Kim Oanh', 'kim-oanh', 'oanh@zalo.com', '2025-07-16 07:57:22',
        '$2y$12$HoljsOWAgseg.FvcYlPUb.4xG9kbSh0RI791dPgB/gsqG.glziGPG', '32ZwAnKIxo', 'student', 'active',
        'https://s120-ava-talk.zadn.vn/f/7/3/9/16/120/cb49ec6773223cb8ec670fa5809cf03c.jpg', '2025-07-16 07:57:22',
        '2025-07-16 07:57:22');
INSERT INTO codezone.users (id, name, slug, email, email_verified_at, password, remember_token, role, status,
                            avatar_url, created_at, updated_at)
VALUES (4, 'Nhã Linh', 'nha-linh', 'nhalinh@zalo.com', '2025-07-16 07:57:22',
        '$2y$12$HoljsOWAgseg.FvcYlPUb.4xG9kbSh0RI791dPgB/gsqG.glziGPG', 'FFPlAw1Qus', 'student', 'active',
        'https://s120-ava-talk.zadn.vn/c/9/f/9/7/120/38b60c8ee3e418225e8271febf7ca1c2.jpg', '2025-07-16 07:57:22',
        '2025-07-16 07:57:22');
INSERT INTO codezone.users (id, name, slug, email, email_verified_at, password, remember_token, role, status,
                            avatar_url, created_at, updated_at)
VALUES (5, 'Bảo Anh', 'bao-anh', 'baoanh@zalo.com', '2025-07-16 07:57:22',
        '$2y$12$HoljsOWAgseg.FvcYlPUb.4xG9kbSh0RI791dPgB/gsqG.glziGPG', 'zozbCI3VAl', 'student', 'active',
        'https://s120-ava-talk.zadn.vn/5/5/f/c/9/120/52e2d7d39ba0a7df493334af72c494b4.jpg', '2025-07-16 07:57:22',
        '2025-07-16 07:57:22');
INSERT INTO codezone.users (id, name, slug, email, email_verified_at, password, remember_token, role, status,
                            avatar_url, created_at, updated_at)
VALUES (6, 'Thanh Thúy', 'thanh-thuy', 'thanhthuy@zalo.com', '2025-07-16 07:57:22',
        '$2y$12$HoljsOWAgseg.FvcYlPUb.4xG9kbSh0RI791dPgB/gsqG.glziGPG', 'JEnfFjxjIV', 'student', 'active',
        'https://s120-ava-talk.zadn.vn/f/d/3/f/11/120/bf87c651c9479056f13f557e64a813e3.jpg', '2025-07-16 07:57:22',
        '2025-07-16 07:57:22');
INSERT INTO codezone.users (id, name, slug, email, email_verified_at, password, remember_token, role, status,
                            avatar_url, created_at, updated_at)
VALUES (7, 'Lê Thị Mỹ Hằng', 'le-thi-my-hang', 'lethimyhang@zalo.com', '2025-07-16 07:57:22',
        '$2y$12$HoljsOWAgseg.FvcYlPUb.4xG9kbSh0RI791dPgB/gsqG.glziGPG', 'bhyS6IuZDt', 'student', 'active',
        'https://s120-ava-talk.zadn.vn/5/6/f/8/14/120/0c08f5c75cd695f3344a653c392efdf7.jpg', '2025-07-16 07:57:22',
        '2025-07-16 07:57:22');
INSERT INTO codezone.users (id, name, slug, email, email_verified_at, password, remember_token, role, status,
                            avatar_url, created_at, updated_at)
VALUES (8, 'Tu Pham', 'tu-pham', 'tu@zalo.com', '2025-07-16 07:57:22',
        '$2y$12$HoljsOWAgseg.FvcYlPUb.4xG9kbSh0RI791dPgB/gsqG.glziGPG', 'CBLQxl6CO0', 'student', 'active',
        'https://s120-ava-talk.zadn.vn/f/5/c/e/9/120/02c783d24913b12cb949206f4bbafe31.jpg', '2025-07-16 07:57:22',
        '2025-07-16 07:57:22');
INSERT INTO codezone.users (id, name, slug, email, email_verified_at, password, remember_token, role, status,
                            avatar_url, created_at, updated_at)
VALUES (9, 'Rylee John', 'rylee-john', 'berge.thurman@zalo.com', '2025-07-16 07:57:22',
        '$2y$12$HoljsOWAgseg.FvcYlPUb.4xG9kbSh0RI791dPgB/gsqG.glziGPG', '99xmuytpg1', 'student', 'active',
        'https://s120-ava-talk.zadn.vn/a/e/d/7/143/120/c5546614ce8d2fe81cc02eda9fff2d40.jpg', '2025-07-16 07:57:22',
        '2025-07-16 07:57:22');
INSERT INTO codezone.users (id, name, slug, email, email_verified_at, password, remember_token, role, status,
                            avatar_url, created_at, updated_at)
VALUES (10, 'Cao Đẳng Việt Mỹ', 'cao-dang-viet-my', 'huy423210063@caodangvietmy.edu.vn', '2025-07-16 07:57:22',
        '$2y$12$HoljsOWAgseg.FvcYlPUb.4xG9kbSh0RI791dPgB/gsqG.glziGPG', '3H6eUsprpP', 'organization', 'active',
        'https://encrypted-tbn0.gstatic.com/images?q=tbn:ANd9GcTr4wRHjRQ3yRY15tizUO350Rw4oBjdTzhUsg&s',
        '2025-07-16 07:57:22', '2025-07-16 07:57:22');
INSERT INTO codezone.instructor_profiles (user_id, bio, about_me, socials_links, course_count, student_count, rating,
                                          review_count, created_at, updated_at)
VALUES (1, '# Bui Van Huy - Programming Instructor Profile

## 🚀 Professional Summary
Senior programming instructor with a decade of experience shaping Vietnam\'s next generation of developers. Specializing in transforming complex technical concepts into engaging, digestible lessons for diverse learning styles.

## 🛠 Technical Expertise
| Category        | Technologies                          |
|-----------------|---------------------------------------|
| Frontend        | JavaScript, React, TypeScript        |
| Backend         | Node.js, Python (Django/Flask), Java |
| Databases       | MongoDB, PostgreSQL, Firebase        |
| DevOps          | Docker, AWS, CI/CD Pipelines         |

## 🏆 Career Highlights
- **Trained 1,200+ students** across university programs and corporate workshops
- Developed **15+ specialized courses** in web development and algorithms
- Recognized as **Top Educator** by TechEd Vietnam (2021, 2023)
- Speaker at **DevConf Vietnam** and **Google Developer Groups** events

## 📚 Current Teaching Focus
1. Modern JavaScript Frameworks (Next.js, Vue)
2. Cloud-Native Application Development
3. Interview Preparation (LeetCode, System Design)
4. AI-Assisted Programming Techniques

## 🌱 Personal Philosophy
> "The art of teaching code lies not in perfect syntax, but in cultivating computational thinking. My classroom is a sandbox where mistakes become milestones."

[![GitHub](https://img.shields.io/badge/GitHub-Profile-blue)](https://github.com/huydev)
[![LinkedIn](https://img.shields.io/badge/LinkedIn-Connect-blue)](https://www.linkedin.com/in/bùi-văn-huy-huy-610619309/)', 'I\'m Bui Van Huy, a passionate programming instructor with 10+ years of experience in both teaching and software development. I specialize in full-stack web development (JavaScript, React, Node.js) and backend programming with Python and Java. My teaching focuses on helping students build strong problem-solving skills and practical coding abilities.

I believe the best way to learn programming is through hands-on projects and real-world examples. In my classes, I combine technical knowledge with industry insights to prepare students for actual development environments. When I\'m not teaching, I enjoy contributing to open-source projects and exploring new technologies in AI/ML.

"Good code teaches itself. Great code inspires others to learn."', '{
    "github": "BuiVanHuy001",
    "youtube": "@bui-van-huy",
    "facebook": "buivanhuy.dev",
    "linkedin": "in/bùi-văn-huy-huy-610619309"
}', 0, 0, 0.00, 0, '2025-08-09 15:10:24', '2025-08-09 16:04:01');
INSERT INTO codezone.organization_profiles (user_id, bio, about_me, socials_links, course_count, created_at, updated_at)
VALUES (10, '# 🎓 **TRƯỜNG CAO ĐẲNG VIỆT MỸ (APC)**
*Tiên phong đào tạo nguồn nhân lực chất lượng cao theo chuẩn quốc tế*

---

## 🌟 **GIỚI THIỆU CHUNG**
Trực thuộc Tập đoàn giáo dục Quốc tế Á Châu, **Cao đẳng Việt Mỹ (APC)** là một trong những trường cao đẳng uy tín nhất tại Việt Nam với hơn **15 năm kinh nghiệm** đào tạo đa ngành. Trường áp dụng mô hình giáo dục **"Học đi đôi với hành"**, kết hợp giữa lý thuyết chuyên sâu và thực tiễn doanh nghiệp, giúp sinh viên tự tin làm việc ngay sau tốt nghiệp.

---

## 🏆 **THẾ MẠNH NỔI BẬT**

### 👨‍🏫 **Đội ngũ giảng viên ưu tú**
- **100% giảng viên có bằng Thạc sĩ trở lên**, nhiều thầy cô là tiến sĩ, chuyên gia đầu ngành với **hơn 10 năm kinh nghiệm** giảng dạy và làm việc thực tế.
- **Giảng viên doanh nghiệp**: Hơn 30% giờ học được giảng dạy bởi các CEO, quản lý cấp cao từ tập đoàn như FPT, Samsung, Unilever...
- **Phương pháp sư phạm hiện đại**: Áp dụng mô hình **Blended Learning** (kết hợp online-offline) và **Project-based Learning** (học qua dự án thực tế).

### 🖥️ **Cơ sở vật chất đẳng cấp**
- **Phòng lab công nghệ cao**: Máy tính cấu hình mạnh, phòng mô phỏng ngành Du lịch - Khách sạn, studio Thiết kế đồ họa...
- **Thư viện số**: Hơn 50.000 tài liệu điện tử, học liệu mở (MOOC) từ các đại học Mỹ, Anh.
- **Hệ thống E-learning APC 4.0**: Nền tảng học trực tuyến tích hợp AI, cho phép sinh viên học mọi lúc mọi nơi.

### 🤝 **Hợp tác doanh nghiệp sâu rộng**
- **500+ đối tác tuyển dụng**: Các tập đoàn đa quốc gia (Microsoft, Nestlé), doanh nghiệp Việt (Viettel, VinGroup)... cam kết tiếp nhận thực tập và tuyển dụng.
- **Chương trình "Một sinh viên - Một việc làm"**: 95% sinh viên APC có việc làm đúng ngành với mức lương **8-25 triệu đồng/tháng** ngay năm đầu tiên.

---

## 📊 **CÁC NGÀNH ĐÀO TẠO TIÊU BIỂU**

| Ngành học                  | Thời gian đào tạo | Học phí (VNĐ/năm) | Điểm nổi bật                     |
|----------------------------|-------------------|-------------------|-----------------------------------|
| **Công nghệ thông tin**    | 2.5 năm          | 22–25 triệu       | Chuyên sâu AI, Blockchain, DevOps |
| **Digital Marketing**      | 2 năm            | 20–22 triệu       | Được Google Certificated          |
| **Thiết kế đa phương tiện**| 2.5 năm          | 23–25 triệu       | Học với Adobe Creative Cloud      |
| **Quản trị Khách sạn 5*** | 2 năm            | 24–26 triệu       | Thực tập tại InterContinental, Marriott |

---

## 💰 **CHÍNH SÁCH HỖ TRỢ**
- **Học bổng "Tài năng APC"**: Giảm **30–100%** học phí cho thí sinh đạt IELTS 6.5+ hoặc có thành tích xuất sắc.
- **Trả góp 0% lãi**: Hỗ trợ qua ngân hàng VPBank, Vietcombank.
- **Ưu đãi nhóm**: Giảm thêm 5% khi đăng ký theo nhóm 3 người.

> *"APC không chỉ đào tạo chuyên môn mà còn rèn luyện tư duy khởi nghiệp, ngoại ngữ và kỹ năng toàn cầu để sinh viên thích ứng với mọi môi trường làm việc."*  ', 'Trường Cao đẳng Việt Mỹ (American Polytechnic College – APC) là một trong những cơ sở giáo dục uy tín tại Việt Nam, chuyên đào tạo đa ngành từ Quản trị kinh doanh, Công nghệ thông tin đến Dược, Điều dưỡng và Ngôn ngữ. Với cơ sở vật chất hiện đại, chương trình đào tạo chuẩn quốc tế và đội ngũ giảng viên giàu kinh nghiệm, trường mang đến môi trường học tập năng động, gắn liền với thực tiễn doanh nghiệp. Học phí tại đây được đánh giá hợp lý, đi kèm nhiều chính sách hỗ trợ như học bổng (10–50%) và chương trình vay ưu đãi, giúp sinh viên giảm bớt gánh nặng tài chính.
APC nổi bật với mô hình "thực học – thực hành", liên kết với hơn 500 doanh nghiệp để đảm bảo sinh viên có cơ hội thực tập và việc làm ngay sau tốt nghiệp. Các ngành "hot" như Công nghệ thông tin (điểm chuẩn 2025: 23.0), Marketing (22.5 điểm), và Thiết kế đồ họa (21.5 điểm) thu hút đông đảo thí sinh nhờ triển vọng nghề nghiệp rộng mở và thu nhập hấp dẫn (từ 10–20 triệu đồng/tháng sau 1–2 năm kinh nghiệm). Trường cũng đào tạo hệ 9+, liên thông đại học, phù hợp với nhiều đối tượng học viên.
Với các cơ sở tại Hà Nội, TP.HCM và Cần Thơ, APC tạo điều kiện thuận lợi cho sinh viên cả nước. Phương thức xét tuyển linh hoạt (học bạ) và nhiều đợt tuyển sinh trong năm giúp thí sinh dễ dàng tiếp cận.',
        '{
            "github": null,
            "website": "https://www.caodangvietmy.edu.vn",
            "youtube": "@caodangvietmyhochiminh",
            "facebook": "americanpolytechnic",
            "linkedin": "company/caodangvietmy"
        }', 0, '2025-08-09 14:49:51', '2025-08-11 09:24:57');

INSERT INTO codezone.organization_users (user_id, organization_id, status, created_at, updated_at)
VALUES (2, 10, 'active', '2025-07-31 10:32:10', '2025-07-31 10:32:10');
INSERT INTO codezone.organization_users (user_id, organization_id, status, created_at, updated_at)
VALUES (3, 10, 'active', '2025-07-31 10:32:11', '2025-07-31 10:32:11');
INSERT INTO codezone.organization_users (user_id, organization_id, status, created_at, updated_at)
VALUES (4, 10, 'active', '2025-07-31 10:32:12', '2025-07-31 10:32:12');
INSERT INTO codezone.organization_users (user_id, organization_id, status, created_at, updated_at)
VALUES (5, 10, 'active', '2025-07-31 10:32:12', '2025-07-31 10:32:12');
INSERT INTO codezone.organization_users (user_id, organization_id, status, created_at, updated_at)
VALUES (6, 10, 'active', '2025-07-31 10:32:14', '2025-07-31 10:32:14');
INSERT INTO codezone.organization_users (user_id, organization_id, status, created_at, updated_at)
VALUES (7, 10, 'active', '2025-07-31 10:32:14', '2025-07-31 10:32:14');
INSERT INTO codezone.organization_users (user_id, organization_id, status, created_at, updated_at)
VALUES (8, 10, 'active', '2025-07-31 10:32:15', '2025-07-31 10:32:15');
INSERT INTO codezone.organization_users (user_id, organization_id, status, created_at, updated_at)
VALUES (9, 10, 'active', '2025-07-31 10:32:15', '2025-07-31 10:32:15');
INSERT INTO codezone.categories (id, name, slug, parent_id, icon_url, thumbnail_url, position, deleted_at, created_at,
                                 updated_at)
VALUES (1, 'Web Development', 'web-development', null, null, null, 0, null, '2025-06-13 16:15:33',
        '2025-06-13 16:15:33');
INSERT INTO codezone.categories (id, name, slug, parent_id, icon_url, thumbnail_url, position, deleted_at, created_at,
                                 updated_at)
VALUES (2, 'Mobile Development', 'mobile-development', null, null, null, 0, null, '2025-06-13 16:15:33',
        '2025-06-13 16:15:33');
INSERT INTO codezone.categories (id, name, slug, parent_id, icon_url, thumbnail_url, position, deleted_at, created_at,
                                 updated_at)
VALUES (3, 'Data Science & Machine Learning', 'data-science-and-machine-learning', null, null, null, 0, null,
        '2025-06-13 16:15:33', '2025-06-13 16:15:33');
INSERT INTO codezone.categories (id, name, slug, parent_id, icon_url, thumbnail_url, position, deleted_at, created_at,
                                 updated_at)
VALUES (4, 'Game Development', 'game-development', null, null, null, 0, null, '2025-06-13 16:15:33',
        '2025-06-13 16:15:33');
INSERT INTO codezone.categories (id, name, slug, parent_id, icon_url, thumbnail_url, position, deleted_at, created_at,
                                 updated_at)
VALUES (5, 'DevOps & Cloud', 'devops-and-cloud', null, null, null, 0, null, '2025-06-13 16:15:33',
        '2025-06-13 16:15:33');
INSERT INTO codezone.categories (id, name, slug, parent_id, icon_url, thumbnail_url, position, deleted_at, created_at,
                                 updated_at)
VALUES (6, 'Frontend Frameworks', 'frontend-frameworks', 1, null, null, 0, null, '2025-06-13 16:15:33',
        '2025-06-13 16:15:33');
INSERT INTO codezone.categories (id, name, slug, parent_id, icon_url, thumbnail_url, position, deleted_at, created_at,
                                 updated_at)
VALUES (7, 'Backend Frameworks', 'backend-frameworks', 1, null, null, 0, null, '2025-06-13 16:15:33',
        '2025-06-13 16:15:33');
INSERT INTO codezone.categories (id, name, slug, parent_id, icon_url, thumbnail_url, position, deleted_at, created_at,
                                 updated_at)
VALUES (8, 'Full-Stack Development', 'full-stack-development', 1, null, null, 0, null, '2025-06-13 16:15:33',
        '2025-06-13 16:15:33');
INSERT INTO codezone.categories (id, name, slug, parent_id, icon_url, thumbnail_url, position, deleted_at, created_at,
                                 updated_at)
VALUES (9, 'Android', 'android', 2, null, null, 0, null, '2025-06-13 16:15:33', '2025-06-13 16:15:33');
INSERT INTO codezone.categories (id, name, slug, parent_id, icon_url, thumbnail_url, position, deleted_at, created_at,
                                 updated_at)
VALUES (10, 'iOS', 'ios', 2, null, null, 0, null, '2025-06-13 16:15:33', '2025-06-13 16:15:33');
INSERT INTO codezone.categories (id, name, slug, parent_id, icon_url, thumbnail_url, position, deleted_at, created_at,
                                 updated_at)
VALUES (11, 'Cross Platform', 'cross-platform', 2, null, null, 0, null, '2025-06-13 16:15:33', '2025-06-13 16:15:33');
INSERT INTO codezone.categories (id, name, slug, parent_id, icon_url, thumbnail_url, position, deleted_at, created_at,
                                 updated_at)
VALUES (12, 'Hybrid', 'hybrid', 2, null, null, 0, null, '2025-06-13 16:15:33', '2025-06-13 16:15:33');
INSERT INTO codezone.categories (id, name, slug, parent_id, icon_url, thumbnail_url, position, deleted_at, created_at,
                                 updated_at)
VALUES (13, 'Data Analysis', 'data-analysis', 3, null, null, 0, null, '2025-06-13 16:15:33', '2025-06-13 16:15:33');
INSERT INTO codezone.categories (id, name, slug, parent_id, icon_url, thumbnail_url, position, deleted_at, created_at,
                                 updated_at)
VALUES (14, 'Machine Learning', 'machine-learning', 3, null, null, 0, null, '2025-06-13 16:15:33',
        '2025-06-13 16:15:33');
INSERT INTO codezone.categories (id, name, slug, parent_id, icon_url, thumbnail_url, position, deleted_at, created_at,
                                 updated_at)
VALUES (15, 'Deep Learning', 'deep-learning', 3, null, null, 0, null, '2025-06-13 16:15:33', '2025-06-13 16:15:33');
INSERT INTO codezone.categories (id, name, slug, parent_id, icon_url, thumbnail_url, position, deleted_at, created_at,
                                 updated_at)
VALUES (16, 'Data Visualization', 'data-visualization', 3, null, null, 0, null, '2025-06-13 16:15:33',
        '2025-06-13 16:15:33');
INSERT INTO codezone.categories (id, name, slug, parent_id, icon_url, thumbnail_url, position, deleted_at, created_at,
                                 updated_at)
VALUES (17, 'Natural Language Processing', 'natural-language-processing', 3, null, null, 0, null, '2025-06-13 16:15:33',
        '2025-06-13 16:15:33');
INSERT INTO codezone.categories (id, name, slug, parent_id, icon_url, thumbnail_url, position, deleted_at, created_at,
                                 updated_at)
VALUES (18, 'Unity', 'unity', 4, null, null, 0, null, '2025-06-13 16:15:33', '2025-06-13 16:15:33');
INSERT INTO codezone.categories (id, name, slug, parent_id, icon_url, thumbnail_url, position, deleted_at, created_at,
                                 updated_at)
VALUES (19, 'Unreal Engine', 'unreal-engine', 4, null, null, 0, null, '2025-06-13 16:15:33', '2025-06-13 16:15:33');
INSERT INTO codezone.categories (id, name, slug, parent_id, icon_url, thumbnail_url, position, deleted_at, created_at,
                                 updated_at)
VALUES (20, '2D Game Development', '2d-game-development', 4, null, null, 0, null, '2025-06-13 16:15:33',
        '2025-06-13 16:15:33');
INSERT INTO codezone.categories (id, name, slug, parent_id, icon_url, thumbnail_url, position, deleted_at, created_at,
                                 updated_at)
VALUES (21, '3D Game Development', '3d-game-development', 4, null, null, 0, null, '2025-06-13 16:15:33',
        '2025-06-13 16:15:33');
INSERT INTO codezone.categories (id, name, slug, parent_id, icon_url, thumbnail_url, position, deleted_at, created_at,
                                 updated_at)
VALUES (22, 'Linux & Shell Scripting', 'linux-and-shell-scripting', 5, null, null, 0, null, '2025-06-13 16:15:33',
        '2025-06-13 16:15:33');
INSERT INTO codezone.categories (id, name, slug, parent_id, icon_url, thumbnail_url, position, deleted_at, created_at,
                                 updated_at)
VALUES (23, 'Docker & Kubernetes', 'docker-and-kubernetes', 5, null, null, 0, null, '2025-06-13 16:15:33',
        '2025-06-13 16:15:33');
INSERT INTO codezone.categories (id, name, slug, parent_id, icon_url, thumbnail_url, position, deleted_at, created_at,
                                 updated_at)
VALUES (24, 'CI/CD', 'cicd', 5, null, null, 0, null, '2025-06-13 16:15:33', '2025-06-13 16:15:33');
INSERT INTO codezone.categories (id, name, slug, parent_id, icon_url, thumbnail_url, position, deleted_at, created_at,
                                 updated_at)
VALUES (25, 'Other', 'other', null, null, null, 0, null, '2025-06-14 20:39:39', '2025-06-14 20:39:41');
INSERT INTO codezone.courses (id, title, slug, heading, description, thumbnail_url, price, enrollment_count,
                              review_count, lesson_count, rating, duration, level, status, category_id, skills,
                              requirements, user_id, created_at, updated_at)
VALUES ('3623d6e8-b930-4b73-80e0-c0a86e327732', 'Python Từ Cơ Bản Đến Nâng Cao: Ứng Dụng Giải Bài Tập LeetCode',
        'python-tu-co-ban-den-nang-cao-ung-dung-giai-bai-tap-leetcode',
        'Khóa học này giúp bạn học Python từ những kiến thức cơ bản nhất đến nâng cao, đồng thời áp dụng trực tiếp vào việc giải bài tập trên LeetCode.', '# Python Từ Cơ Bản Đến Nâng Cao: Ứng Dụng Giải Bài Tập LeetCode

## 📖 Giới thiệu khóa học
Khóa học này được thiết kế để giúp bạn học **Python từ số 0 đến thành thạo**, đồng thời áp dụng trực tiếp vào việc giải quyết các bài toán **LeetCode**.
Không chỉ học ngôn ngữ lập trình, bạn sẽ nắm vững **cấu trúc dữ liệu, thuật toán** và rèn luyện **tư duy giải quyết vấn đề** – những kỹ năng quan trọng để thành công trong các kỳ **coding interview**.

---

## 🎯 Bạn sẽ học được gì?
- Viết code Python từ cơ bản đến nâng cao.
- Hiểu rõ và áp dụng các cấu trúc dữ liệu: list, stack, queue, linked list, tree, graph.
- Thành thạo các thuật toán quan trọng: tìm kiếm, sắp xếp, đệ quy, dynamic programming, backtracking.
- Giải được nhiều bài toán LeetCode từ **Easy → Medium → Hard**.
- Chuẩn bị tốt cho **phỏng vấn lập trình viên** tại các công ty công nghệ lớn.

---

## 👨‍🎓 Đối tượng học viên
- Người mới bắt đầu muốn học lập trình với Python.
- Sinh viên CNTT đang học cấu trúc dữ liệu & thuật toán.
- Lập trình viên đang chuẩn bị cho **phỏng vấn kỹ sư phần mềm**.

---

## 📚 Nội dung khóa học
1. **Python Cơ bản**
   Biến, kiểu dữ liệu, vòng lặp, hàm, xử lý chuỗi.

2. **Python Nâng cao**
   OOP, file I/O, modules, thuật toán cơ bản.

3. **Cấu trúc dữ liệu & Giải thuật**
   Stack, Queue, Linked List, Binary Tree, Graph, Dynamic Programming.

4. **Luyện tập với LeetCode**
   Bộ bài tập chọn lọc từ dễ đến khó: Two Sum, Binary Search, Longest Substring Without Repeating Characters, Word Ladder,…

---

## ⏰ Thời lượng
- **12 tuần** (3 buổi/tuần, mỗi buổi 90 phút).
- Bao gồm **lý thuyết + bài tập + luyện LeetCode trực tiếp**.

---

## 👨‍🏫 Giảng viên
**Nguyễn Minh Huy** – Software Engineer
- 5+ năm kinh nghiệm phát triển phần mềm.
- Đã hướng dẫn nhiều học viên chinh phục LeetCode và chuẩn bị phỏng vấn thành công.

---

## 🌐 Ngôn ngữ
- Giảng dạy: **Tiếng Việt**
- Bài tập thực hành: **Python 3**

---', 'XD7NHzZhbWkwbDm1wQGb2jdUVpmGJ9-metaNjE3Mzc3OV9jNjljLndlYnA=-.webp', 0.000, 8, 0, 11, 0.0, 8036, 'beginner',
        'pending', 8, '[
        {
            "name": "Viết code Python thành thạo từ cơ bản đến nâng cao."
        },
        {
            "name": "Hiểu và triển khai các cấu trúc dữ liệu & thuật toán thông dụng."
        },
        {
            "name": "Giải quyết hiệu quả các bài toán LeetCode từ Easy → Medium → Hard."
        },
        {
            "name": "Chuẩn bị sẵn sàng cho phỏng vấn kỹ sư phần mềm."
        }
    ]', '[
        {
            "name": "Có kiến thức cơ bản về toán (cấp 3 trở lên)."
        },
        {
            "name": "Không cần kinh nghiệm lập trình trước đó."
        }
    ]', 10, '2025-09-10 14:07:24', '2025-09-10 14:07:24');
INSERT INTO codezone.modules (id, title, lesson_count, position, duration, course_id, created_at, updated_at)
VALUES ('22272c16-ee1c-4f8f-b41f-0a82a11e9c2b', 'Python Cơ Bản', 3, 0, 764, '3623d6e8-b930-4b73-80e0-c0a86e327732',
        '2025-09-10 14:07:24', '2025-09-10 14:07:24');
INSERT INTO codezone.modules (id, title, lesson_count, position, duration, course_id, created_at, updated_at)
VALUES ('43cbd234-d5c4-40ea-b2f2-dc83952a1b29', 'Cấu trúc Dữ liệu & Thuật toán', 3, 2, 2033,
        '3623d6e8-b930-4b73-80e0-c0a86e327732', '2025-09-10 14:07:24', '2025-09-10 14:07:24');
INSERT INTO codezone.modules (id, title, lesson_count, position, duration, course_id, created_at, updated_at)
VALUES ('8845d78f-00b3-4de7-817a-bd7150f83027', 'Python Nâng Cao', 3, 1, 4101, '3623d6e8-b930-4b73-80e0-c0a86e327732',
        '2025-09-10 14:07:24', '2025-09-10 14:07:24');
INSERT INTO codezone.modules (id, title, lesson_count, position, duration, course_id, created_at, updated_at)
VALUES ('eb58d50c-de74-4173-8d50-8d6206c9078e', 'Luyện tập LeetCode', 2, 3, 1138,
        '3623d6e8-b930-4b73-80e0-c0a86e327732', '2025-09-10 14:07:24', '2025-09-10 14:07:24');
INSERT INTO codezone.lessons (id, title, document, video_file_name, position, duration, preview, type, resources,
                              module_id, created_at, updated_at)
VALUES ('1f7cdce1-fb49-4450-8a2f-c4b1e6db80a2', 'Quiz Python nâng cao', '', '', 3, 0, false, 'assessment', null,
        '43cbd234-d5c4-40ea-b2f2-dc83952a1b29', '2025-09-10 14:07:24', '2025-09-10 14:07:24');
INSERT INTO codezone.lessons (id, title, document, video_file_name, position, duration, preview, type, resources,
                              module_id, created_at, updated_at)
VALUES ('2e9808ae-dd21-4b03-8ce3-5e33af945185', 'Thuật toán Tìm kiếm Nhị phân', '',
        'CLAfk5wniE8aJanTVxMHRIATKvkjDI-metaTGlua2VkIExpc3QgLSBDYcyCzIF1IHRydcyBYyBkdcybzIMgbGllzKPMgnUgRGFuaCBzYcyBY2ggbGllzIJuIGtlzILMgXQgLSBQaGHMgsyAbiAyLm1wNA==-.mp4',
        2, 1217, false, 'video', null, '43cbd234-d5c4-40ea-b2f2-dc83952a1b29', '2025-09-10 14:07:24',
        '2025-09-10 14:07:24');
INSERT INTO codezone.lessons (id, title, document, video_file_name, position, duration, preview, type, resources,
                              module_id, created_at, updated_at)
VALUES ('3d5dd980-471b-4f9e-a5e1-ad551b65ac16', 'Stack và Queue trong Python', '',
        'iSatomgUVh5aw9HhO0MLmTTMN2Npsy-metaTGlua2VkIExpc3QgLSBDYcyCzIF1IHRydcyBYyBkdcybzIMgbGllzKPMgnUgRGFuaCBzYcyBY2ggbGllzIJuIGtlzILMgXQgLSBQaGHMgsyAbiAxLm1wNA==-.mp4',
        1, 816, false, 'video', null, '43cbd234-d5c4-40ea-b2f2-dc83952a1b29', '2025-09-10 14:07:24',
        '2025-09-10 14:07:24');
INSERT INTO codezone.lessons (id, title, document, video_file_name, position, duration, preview, type, resources,
                              module_id, created_at, updated_at)
VALUES ('42d563f6-8efa-4900-b218-3e1e590ece85', 'Chuỗi trong Python', '',
        '3eSuOwzIyHNADjKn6AxR8M8FnrMqgB-metaW0tob8yBYSBob8yjYyBsYcyjzIJwIHRyacyAbmggUHl0aG9uIGNvzJsgYmHMiW5dIC0gQmHMgGkgMTAtIEtpZcyCzIl1IGNodW_MgsyDaSB0cm9uZyBQeXRob24gLSBQaGHMgsyAbiA0IC0gSG93S3RlYW0gLSBZb3VUdWJlLm1wNA==-.mp4',
        3, 1754, false, 'video', null, '8845d78f-00b3-4de7-817a-bd7150f83027', '2025-09-10 14:07:24',
        '2025-09-10 14:07:24');
INSERT INTO codezone.lessons (id, title, document, video_file_name, position, duration, preview, type, resources,
                              module_id, created_at, updated_at)
VALUES ('78bd174d-58d0-45eb-b12a-43b53bf37a18', 'Giới thiệu Python và Cài đặt môi trường', '',
        'jb7RZlF1l1zq17R7yeUfnOGnHWPJan-metaW0tob8yBYSBob8yjYyBsYcyjzIJwIHRyacyAbmggUHl0aG9uIGNvzJsgYmHMiW5dIC0gQmHMgGkgMS0gR2lvzJvMgWkgdGhpZcyjzIJ1IG5nb8yCbiBuZ3XMm8yDIGxhzKPMgnAgdHJpzIBuaCBQeXRob24gLSBIb3dLdGVhbSAtIFlvdVR1YmUubXA0-.mp4',
        1, 764, true, 'video', null, '22272c16-ee1c-4f8f-b41f-0a82a11e9c2b', '2025-09-10 14:07:24',
        '2025-09-10 14:07:24');
INSERT INTO codezone.lessons (id, title, document, video_file_name, position, duration, preview, type, resources,
                              module_id, created_at, updated_at)
VALUES ('91c85b8a-dd5f-415f-8759-71b4b7be5e46', 'Biến và Kiểu dữ liệu cơ bản', '# Python Cơ Bản

## 🐍 Giới thiệu
Python là một ngôn ngữ lập trình thông dịch, dễ học, cú pháp rõ ràng, được sử dụng rộng rãi trong **khoa học dữ liệu, phát triển web, trí tuệ nhân tạo, và tự động hóa**.

Tài liệu này sẽ giới thiệu những kiến thức cơ bản nhất để bắt đầu với Python.

---

## 1. Cài đặt Python
- Tải Python từ [python.org](https://www.python.org/downloads/).
- Kiểm tra phiên bản:
```bash
python --version
```
- Chạy chương trình Python:
```bash
python hello.py
```

---

## 2. Cú pháp cơ bản
### In ra màn hình
```python
print("Hello, Python!")
```

### Biến và kiểu dữ liệu
```python
x = 10          # int
y = 3.14        # float
name = "Alice"  # string
is_active = True # boolean
```

### Toán tử cơ bản
```python
a, b = 5, 2
print(a + b)  # cộng
print(a - b)  # trừ
print(a * b)  # nhân
print(a / b)  # chia (float)
print(a // b) # chia lấy nguyên
print(a % b)  # chia lấy dư
print(a ** b) # lũy thừa
```

---

## 3. Cấu trúc điều khiển
### Câu lệnh if
```python
x = 10
if x > 5:
    print("Lớn hơn 5")
elif x == 5:
    print("Bằng 5")
else:
    print("Nhỏ hơn 5")
```

### Vòng lặp for
```python
for i in range(5):
    print(i)  # in ra từ 0 đến 4
```

### Vòng lặp while
```python
n = 3
while n > 0:
    print(n)
    n -= 1
```

---

## 4. Hàm
```python
def greet(name):
    return f"Hello, {name}!"

print(greet("Alice"))
```

---

## 5. Danh sách (List)
```python
fruits = ["apple", "banana", "cherry"]
fruits.append("orange")   # thêm phần tử
print(fruits[0])          # truy cập phần tử
print(len(fruits))        # độ dài list
```

---

## 6. Tuple (bất biến)
```python
point = (10, 20)
print(point[0])  # 10
```

---

## 7. Từ điển (Dictionary)
```python
person = {"name": "Alice", "age": 25}
print(person["name"])
person["age"] = 26
```

---

## 8. Set (tập hợp)
```python
nums = {1, 2, 3, 3}
print(nums)  # {1, 2, 3}
```

---

## 9. Xử lý ngoại lệ
```python
try:
    x = 10 / 0
except ZeroDivisionError:
    print("Không thể chia cho 0")
finally:
    print("Kết thúc")
```

---

## 10. Lập trình hướng đối tượng cơ bản
```python
class Person:
    def __init__(self, name):
        self.name = name

    def say_hello(self):
        print(f"Hello, tôi là {self.name}")

p = Person("Alice")
p.say_hello()
```

---

## 🎯 Kết luận
Với những kiến thức cơ bản này, bạn đã có thể:
- Viết script Python đơn giản.
- Sử dụng biến, toán tử, vòng lặp, hàm.
- Làm việc với list, tuple, dict, set.
- Hiểu cách xử lý ngoại lệ và OOP cơ bản.

Tiếp theo, bạn có thể học sâu hơn về **lập trình hàm, module, thư viện chuẩn và giải quyết bài tập trên LeetCode**.
', '', 2, 0, false, 'document', null, '22272c16-ee1c-4f8f-b41f-0a82a11e9c2b', '2025-09-10 14:07:24',
        '2025-09-10 14:07:24');
INSERT INTO codezone.lessons (id, title, document, video_file_name, position, duration, preview, type, resources,
                              module_id, created_at, updated_at)
VALUES ('921fcda5-6530-4472-b980-39a2f9382531', ' Quiz Python cơ bản', '', '', 3, 0, false, 'assessment', null,
        '22272c16-ee1c-4f8f-b41f-0a82a11e9c2b', '2025-09-10 14:07:24', '2025-09-10 14:07:24');
INSERT INTO codezone.lessons (id, title, document, video_file_name, position, duration, preview, type, resources,
                              module_id, created_at, updated_at)
VALUES ('a38df9c5-02b1-4980-95f8-f54fac02b9fe', 'Giới thiệu Dynamic Programming', '',
        '4UBDy0wBoO3YrmgV0BlUq9H86dn1Fy-metaTGVldGNvZGUgNDE0IC0gVGhpcmQgTWF4aW11bSBudW1iZXIgLSBDaGkgdGllzILMgXQgbmhpZcyCzIB1IGNhzIFjaCBnaWHMiWkubXA0-.mp4',
        1, 1138, false, 'video', null, 'eb58d50c-de74-4173-8d50-8d6206c9078e', '2025-09-10 14:07:24',
        '2025-09-10 14:07:24');
INSERT INTO codezone.lessons (id, title, document, video_file_name, position, duration, preview, type, resources,
                              module_id, created_at, updated_at)
VALUES ('ae4e673c-3fbf-4342-b7eb-19851d5f8f84', 'Lập trình Hướng đối tượng (OOP)', '',
        'TGCTaxOOu7pm6qgdy70jNLz0qpoeNu-metaW0tob8yBYSBob8yjYyBsYcyjzIJwIHRyacyAbmggUHl0aG9uIGNvzJsgYmHMiW5dIC0gQmHMgGkgMTAtIEtpZcyCzIl1IGNodW_MgsyDaSB0cm9uZyBQeXRob24gLSBQaGHMgsyAbiA0IC0gSG93S3RlYW0gLSBZb3VUdWJlLm1wNA==-.mp4',
        2, 1754, false, 'video', null, '8845d78f-00b3-4de7-817a-bd7150f83027', '2025-09-10 14:07:24',
        '2025-09-10 14:07:24');
INSERT INTO codezone.lessons (id, title, document, video_file_name, position, duration, preview, type, resources,
                              module_id, created_at, updated_at)
VALUES ('ba744dac-fb70-46b7-ab17-43df20233e99', 'Bài tập cuối khóa', '', '', 2, 0, false, 'assessment', null,
        'eb58d50c-de74-4173-8d50-8d6206c9078e', '2025-09-10 14:07:24', '2025-09-10 14:07:24');
INSERT INTO codezone.lessons (id, title, document, video_file_name, position, duration, preview, type, resources,
                              module_id, created_at, updated_at)
VALUES ('e62995da-405a-436e-ba4a-fe7fffda8c80', 'Hàm và Đệ quy', '',
        'pIvwLtdypLAklIAW94wv1Qd3bredgR-metaW0tob8yBYSBob8yjYyBsYcyjzIJwIHRyacyAbmggUHl0aG9uIGNvzJsgYmHMiW5dIC0gQmHMgGkgNC0gQ29tbWVudCB0cm9uZyBQeXRob24gLSBIb3dLdGVhbSAtIFlvdVR1YmUubXA0-.mp4',
        1, 593, true, 'video', null, '8845d78f-00b3-4de7-817a-bd7150f83027', '2025-09-10 14:07:24',
        '2025-09-10 14:07:24');
INSERT INTO codezone.assessments (id, title, description, type, questions_count, lesson_id, created_at, updated_at)
VALUES (1, 'Python cơ bản', '## 📝 Giới thiệu
Bài quiz này gồm **10 câu hỏi** từ mức **cơ bản đến nâng cao** trong Python.
Nội dung bao quát từ cú pháp, kiểu dữ liệu, cấu trúc điều khiển, đến một số khái niệm nâng cao như **OOP**, **immutable types** và **dictionary keys**.

Quiz được thiết kế để:
- Ôn tập lại các kiến thức cơ bản về Python.
- Kiểm tra khả năng phân biệt cú pháp đúng/sai.
- Hiểu rõ bản chất của **mutable vs immutable**.
- Luyện tập các thao tác phổ biến trên **list, string, dict**.
- Chuẩn bị nền tảng để học các chủ đề nâng cao hơn (thuật toán, cấu trúc dữ liệu, LeetCode).

## 🎯 Mục tiêu học tập
Sau khi hoàn thành quiz, bạn sẽ:
- Hiểu rõ sự khác biệt giữa **cú pháp Python** và các ngôn ngữ khác.
- Nắm chắc cách sử dụng **list, tuple, dict, string**.
- Phân biệt được kiểu dữ liệu nào có thể làm **key của dictionary**.
- Thành thạo các toán tử quan trọng như `**`, `len()`, `append()`.
- Rèn luyện tư duy lựa chọn đáp án đúng và loại bỏ các đáp án gây nhầm lẫn.
---
', 'quiz', 9, '921fcda5-6530-4472-b980-39a2f9382531', '2025-09-10 14:07:24', '2025-09-10 14:07:24');
INSERT INTO codezone.assessments (id, title, description, type, questions_count, lesson_id, created_at, updated_at)
VALUES (2, 'Remove Duplicates from Sorted Array', '# Remove Duplicates from Sorted Array

## Problem Statement
Given an integer array `nums` sorted in **non-decreasing order**, remove the duplicates **in-place** such that each unique element appears only once. The relative order of the elements should be kept the same. Then return the number of unique elements in `nums`.

### Requirements
Consider the number of unique elements of `nums` to be `k`. To get accepted, you need to:
1. Modify the array `nums` such that the first `k` elements contain the unique elements in their original order.
2. The remaining elements beyond `k` are irrelevant (as is the array\'s size).
3. Return `k`.

### Custom Judge
The judge will test your solution with the following code:
```python
class Solution:
    def removeDuplicates(self, nums):
        if not nums:
            return 0

        i = 0
        for j in range(1, len(nums)):
            if nums[j] != nums[i]:
                i += 1
                nums[i] = nums[j]

        return i + 1

```', 'programming', 1, '42d563f6-8efa-4900-b218-3e1e590ece85', '2025-09-10 14:07:24', '2025-09-10 14:07:24');
INSERT INTO codezone.assessments (id, title, description, type, questions_count, lesson_id, created_at, updated_at)
VALUES (3, 'Third Maximum Number', '# 414. Third Maximum Number

## Problem Statement
Given an integer array `nums`, return the **third distinct maximum** number in this array. If the third maximum does not exist, return the **maximum** number.

## Examples

### Example 1
**Input:**
```
[3,2,1]
```

**Output:**
```
1
```

**Explanation:**
- First distinct maximum: 3
- Second distinct maximum: 2
- Third distinct maximum: 1

### Example 2
**Input:**
```
[1,2]
```

**Output:**
```
2
```

**Explanation:**
- First distinct maximum: 2
- Second distinct maximum: 1
- Third distinct maximum doesn\'t exist, so return 2 (the maximum)

### Example 3
**Input:**
```
[2,2,3,1]
```

**Output:**
```
1
```

**Explanation:**
- First distinct maximum: 3
- Second distinct maximum: 2 (both 2\'s are counted as one)
- Third distinct maximum: 1

## Constraints
- `1 <= nums.length <= 10^4`
- `-2^31 <= nums[i] <= 2^31 - 1`', 'programming', 1, '42d563f6-8efa-4900-b218-3e1e590ece85', '2025-09-10 14:07:24',
        '2025-09-10 14:07:24');
INSERT INTO codezone.assessments (id, title, description, type, questions_count, lesson_id, created_at, updated_at)
VALUES (4, 'Python nâng cao', '## 📝 Giới thiệu
Bài quiz này gồm **10 câu hỏi nâng cao về Python**, tập trung vào những khái niệm thường gây nhầm lẫn và hay xuất hiện khi giải quyết các bài toán thực tế.
Bạn sẽ phải vận dụng hiểu biết về **comprehension, generator, OOP, mutable default arguments, xử lý ngoại lệ, và độ phức tạp thuật toán**.

Khác với quiz cơ bản, bài này chú trọng vào việc phân tích chi tiết: tại sao đáp án đúng, tại sao đáp án sai. Điều này giúp bạn **hiểu bản chất** thay vì chỉ ghi nhớ cú pháp.

## 🎯 Mục tiêu học tập
Sau khi hoàn thành quiz này, bạn sẽ:
- Nắm chắc cách sử dụng **generator** và **yield**.
- Hiểu được sự khác biệt giữa **mutable** và **immutable default arguments** trong Python.
- Biết cách xử lý **exception** đúng cú pháp.
- Hiểu rõ 3 tính chất chính của **OOP trong Python**.
- Phân biệt được độ phức tạp thời gian của các **thuật toán phổ biến**.

## ⏰ Thời gian
Thời gian gợi ý: **20 phút** cho 10 câu hỏi.

---
', 'quiz', 8, '1f7cdce1-fb49-4450-8a2f-c4b1e6db80a2', '2025-09-10 14:07:24', '2025-09-10 14:07:24');
INSERT INTO codezone.assessments (id, title, description, type, questions_count, lesson_id, created_at, updated_at)
VALUES (5, 'Giới thiệu Dynamic Programming', '## 📝 Giới thiệu
Bài quiz này gồm **10 câu hỏi** từ mức **cơ bản đến nâng cao** trong Python.
Nội dung bao quát từ cú pháp, kiểu dữ liệu, cấu trúc điều khiển, đến một số khái niệm nâng cao như **OOP**, **immutable types** và **dictionary keys**.

Quiz được thiết kế để:
- Ôn tập lại các kiến thức cơ bản về Python.
- Kiểm tra khả năng phân biệt cú pháp đúng/sai.
- Hiểu rõ bản chất của **mutable vs immutable**.
- Luyện tập các thao tác phổ biến trên **list, string, dict**.
- Chuẩn bị nền tảng để học các chủ đề nâng cao hơn (thuật toán, cấu trúc dữ liệu, LeetCode).

## 🎯 Mục tiêu học tập
Sau khi hoàn thành quiz, bạn sẽ:
- Hiểu rõ sự khác biệt giữa **cú pháp Python** và các ngôn ngữ khác.
- Nắm chắc cách sử dụng **list, tuple, dict, string**.
- Phân biệt được kiểu dữ liệu nào có thể làm **key của dictionary**.
- Thành thạo các toán tử quan trọng như `**`, `len()`, `append()`.
- Rèn luyện tư duy lựa chọn đáp án đúng và loại bỏ các đáp án gây nhầm lẫn.
---
', 'programming', 1, 'a38df9c5-02b1-4980-95f8-f54fac02b9fe', '2025-09-10 14:07:24', '2025-09-10 14:07:24');
INSERT INTO codezone.assessments (id, title, description, type, questions_count, lesson_id, created_at, updated_at)
VALUES (6, 'Python Problem Solving & Mini Application', '# Final Project: Python Problem Solving & Mini Application

## 📝 Giới thiệu
Đây là bài tập **cuối khóa** dành cho học viên sau khi đã hoàn thành toàn bộ khóa học Python từ cơ bản đến nâng cao.
Mục tiêu là giúp bạn áp dụng kiến thức đã học (cú pháp, cấu trúc dữ liệu, OOP, xử lý ngoại lệ, và giải thuật) vào một **dự án nhỏ** và một số **bài tập thuật toán dạng LeetCode**.

---

## 🎯 Yêu cầu bài nộp
Bạn cần nộp **một file nén (.zip)** hoặc **một folder chia sẻ Google Drive** chứa các nội dung sau:

### 1. Mini Application (ứng dụng nhỏ)
- Viết một chương trình Python dạng console có chức năng quản lý **Todo List**:
  - Thêm, sửa, xóa công việc
  - Đánh dấu hoàn thành
  - Lưu dữ liệu ra file `todo.json`
  - Load dữ liệu từ file khi khởi động lại chương trình
- Yêu cầu sử dụng:
  - **OOP** (class `Task`, class `TodoList`)
  - **Exception Handling** (bắt lỗi khi nhập sai)
  - **File I/O** (đọc/ghi JSON)

### 2. Thuật toán (LeetCode Style)
Giải ít nhất **3 trong 5 bài toán** sau:
1. Two Sum
2. Valid Parentheses
3. Merge Two Sorted Lists
4. Best Time to Buy and Sell Stock
5. Valid Palindrome

Mỗi bài cần có:
- File `.py` riêng biệt
- Code chạy được
- Ít nhất 2 test case mẫu

---

## 📂 Cấu trúc file nộp
Ví dụ:
```
final_project/
│── mini_app/
│ ├── todo.py
│ └── todo.json
│
│── algorithms/
│ ├── two_sum.py
│ ├── valid_parentheses.py
│ └── ...
│
└── README.md
```

---

## 📊 Tiêu chí chấm điểm
- **Hoàn thiện yêu cầu** (50%)
- **Code sạch, dễ đọc, có comment** (20%)
- **Ứng dụng OOP, xử lý ngoại lệ, file I/O** (20%)
- **Sáng tạo thêm tính năng mới (optional)** (10%)

---

## ⏰ Deadline
- Thời hạn nộp: 7 ngày sau khi kết thúc khóa học
- Hình thức nộp: nén file hoặc chia sẻ link Google Drive

---

## ✅ Kết quả mong đợi
Sau khi hoàn thành bài này, bạn sẽ:
- Tự tin viết một chương trình Python hoàn chỉnh
- Áp dụng kiến thức đã học vào thực tế
- Làm quen với format **giải thuật dạng LeetCode**
', 'assignment', 1, 'ba744dac-fb70-46b7-ab17-43df20233e99', '2025-09-10 14:07:24', '2025-09-10 14:07:24');
INSERT INTO codezone.assessment_questions (id, content, type, position, assessment_id, created_at, updated_at)
VALUES (1, 'Hàm nào dùng để in ra màn hình trong Python?', 'multiple_choice', 1, 1, '2025-09-10 14:07:24',
        '2025-09-10 14:07:24');
INSERT INTO codezone.assessment_questions (id, content, type, position, assessment_id, created_at, updated_at)
VALUES (2, 'Kiểu dữ liệu của giá trị True trong Python là gì?', 'multiple_choice', 2, 1, '2025-09-10 14:07:24',
        '2025-09-10 14:07:24');
INSERT INTO codezone.assessment_questions (id, content, type, position, assessment_id, created_at, updated_at)
VALUES (3, 'Những kiểu dữ liệu nào là immutable trong Python?', 'multiple_choice', 3, 1, '2025-09-10 14:07:24',
        '2025-09-10 14:07:24');
INSERT INTO codezone.assessment_questions (id, content, type, position, assessment_id, created_at, updated_at)
VALUES (4, 'Những câu lệnh nào hợp lệ trong Python?', 'multiple_choice', 4, 1, '2025-09-10 14:07:24',
        '2025-09-10 14:07:24');
INSERT INTO codezone.assessment_questions (id, content, type, position, assessment_id, created_at, updated_at)
VALUES (5, 'Phương thức nào được dùng để thêm phần tử vào cuối list?', 'multiple_choice', 5, 1, '2025-09-10 14:07:24',
        '2025-09-10 14:07:24');
INSERT INTO codezone.assessment_questions (id, content, type, position, assessment_id, created_at, updated_at)
VALUES (6, 'Trong Python, những keyword nào được sử dụng để định nghĩa một hàm?', 'multiple_choice', 6, 1,
        '2025-09-10 14:07:24', '2025-09-10 14:07:24');
INSERT INTO codezone.assessment_questions (id, content, type, position, assessment_id, created_at, updated_at)
VALUES (7, 'Kết quả của đoạn code sau là gì? print(2 ** 3)', 'multiple_choice', 7, 1, '2025-09-10 14:07:24',
        '2025-09-10 14:07:24');
INSERT INTO codezone.assessment_questions (id, content, type, position, assessment_id, created_at, updated_at)
VALUES (8, 'Các kiểu dữ liệu sau có thể làm key của dictionary trong Python?', 'multiple_choice', 8, 1,
        '2025-09-10 14:07:24', '2025-09-10 14:07:24');
INSERT INTO codezone.assessment_questions (id, content, type, position, assessment_id, created_at, updated_at)
VALUES (9, 'Khi gọi hàm len("OpenAI"), kết quả là gì?', 'multiple_choice', 9, 1, '2025-09-10 14:07:24',
        '2025-09-10 14:07:24');
INSERT INTO codezone.assessment_questions (id, content, type, position, assessment_id, created_at, updated_at)
VALUES (10, 'Kết quả của đoạn code sau là gì? x = [i for i in range(3)]
print(x)', 'multiple_choice', 1, 4, '2025-09-10 14:07:24', '2025-09-10 14:07:24');
INSERT INTO codezone.assessment_questions (id, content, type, position, assessment_id, created_at, updated_at)
VALUES (11, 'Những câu lệnh nào tạo ra generator trong Python?', 'multiple_choice', 2, 4, '2025-09-10 14:07:24',
        '2025-09-10 14:07:24');
INSERT INTO codezone.assessment_questions (id, content, type, position, assessment_id, created_at, updated_at)
VALUES (12, 'Kết quả của đoạn code sau là gì? a = [1, 2, 3]
b = a
b.append(4)
print(a)', 'multiple_choice', 3, 4, '2025-09-10 14:07:24', '2025-09-10 14:07:24');
INSERT INTO codezone.assessment_questions (id, content, type, position, assessment_id, created_at, updated_at)
VALUES (13, 'Các phương thức nào thuộc về string trong Python?', 'multiple_choice', 4, 4, '2025-09-10 14:07:24',
        '2025-09-10 14:07:24');
INSERT INTO codezone.assessment_questions (id, content, type, position, assessment_id, created_at, updated_at)
VALUES (14, 'Kết quả của đoạn code sau là gì? def add(x, y=5):
    return x + y

print(add(3))', 'multiple_choice', 5, 4, '2025-09-10 14:07:24', '2025-09-10 14:07:24');
INSERT INTO codezone.assessment_questions (id, content, type, position, assessment_id, created_at, updated_at)
VALUES (15, 'Trong OOP Python, những khái niệm nào là tính chất cơ bản?', 'multiple_choice', 6, 4,
        '2025-09-10 14:07:24', '2025-09-10 14:07:24');
INSERT INTO codezone.assessment_questions (id, content, type, position, assessment_id, created_at, updated_at)
VALUES (16, 'Kết quả của đoạn code sau là gì? print(bool([]), bool([0]))', 'multiple_choice', 7, 4,
        '2025-09-10 14:07:24', '2025-09-10 14:07:24');
INSERT INTO codezone.assessment_questions (id, content, type, position, assessment_id, created_at, updated_at)
VALUES (17, 'Những thuật toán nào có độ phức tạp O(n log n)?', 'multiple_choice', 8, 4, '2025-09-10 14:07:24',
        '2025-09-10 14:07:24');
INSERT INTO codezone.assessment_question_options (id, content, is_correct, explanation, position,
                                                  assessment_question_id, created_at, updated_at)
VALUES (1, 'echo()', false, 'chỉ có trong PHP, không phải Python', 1, 1, '2025-09-10 14:07:24', '2025-09-10 14:07:24');
INSERT INTO codezone.assessment_question_options (id, content, is_correct, explanation, position,
                                                  assessment_question_id, created_at, updated_at)
VALUES (2, 'print()', true, 'đúng, đây là hàm chuẩn để in ra màn hình trong Python.', 2, 1, '2025-09-10 14:07:24',
        '2025-09-10 14:07:24');
INSERT INTO codezone.assessment_question_options (id, content, is_correct, explanation, position,
                                                  assessment_question_id, created_at, updated_at)
VALUES (3, 'console.log()', false, 'chỉ dùng trong JavaScript.', 3, 1, '2025-09-10 14:07:24', '2025-09-10 14:07:24');
INSERT INTO codezone.assessment_question_options (id, content, is_correct, explanation, position,
                                                  assessment_question_id, created_at, updated_at)
VALUES (4, 'int', false, 'số nguyên, không phải kiểu boolean.', 1, 2, '2025-09-10 14:07:24', '2025-09-10 14:07:24');
INSERT INTO codezone.assessment_question_options (id, content, is_correct, explanation, position,
                                                  assessment_question_id, created_at, updated_at)
VALUES (5, 'str', false, 'chuỗi ký tự.', 2, 2, '2025-09-10 14:07:24', '2025-09-10 14:07:24');
INSERT INTO codezone.assessment_question_options (id, content, is_correct, explanation, position,
                                                  assessment_question_id, created_at, updated_at)
VALUES (6, 'bool', true, 'đúng, True và False là hằng số của kiểu bool.', 3, 2, '2025-09-10 14:07:24',
        '2025-09-10 14:07:24');
INSERT INTO codezone.assessment_question_options (id, content, is_correct, explanation, position,
                                                  assessment_question_id, created_at, updated_at)
VALUES (7, 'list', false, 'list có thể thay đổi phần tử nên là mutable.', 1, 3, '2025-09-10 14:07:24',
        '2025-09-10 14:07:24');
INSERT INTO codezone.assessment_question_options (id, content, is_correct, explanation, position,
                                                  assessment_question_id, created_at, updated_at)
VALUES (8, 'tuple', true, 'tuple là immutable, không thể thay đổi sau khi tạo.', 2, 3, '2025-09-10 14:07:24',
        '2025-09-10 14:07:24');
INSERT INTO codezone.assessment_question_options (id, content, is_correct, explanation, position,
                                                  assessment_question_id, created_at, updated_at)
VALUES (9, 'dict', false, 'dictionary cho phép thêm, xóa, sửa giá trị.', 3, 3, '2025-09-10 14:07:24',
        '2025-09-10 14:07:24');
INSERT INTO codezone.assessment_question_options (id, content, is_correct, explanation, position,
                                                  assessment_question_id, created_at, updated_at)
VALUES (10, 'if x > 0: print(x)', true, 'đúng cú pháp.', 1, 4, '2025-09-10 14:07:24', '2025-09-10 14:07:24');
INSERT INTO codezone.assessment_question_options (id, content, is_correct, explanation, position,
                                                  assessment_question_id, created_at, updated_at)
VALUES (11, 'for i in range(5): print(i)', true, 'đúng cú pháp.', 2, 4, '2025-09-10 14:07:24', '2025-09-10 14:07:24');
INSERT INTO codezone.assessment_question_options (id, content, is_correct, explanation, position,
                                                  assessment_question_id, created_at, updated_at)
VALUES (12, 'switch(x) { case 1: print(1) }', false, 'Python không có switch-case.', 3, 4, '2025-09-10 14:07:24',
        '2025-09-10 14:07:24');
INSERT INTO codezone.assessment_question_options (id, content, is_correct, explanation, position,
                                                  assessment_question_id, created_at, updated_at)
VALUES (13, 'add()', false, 'dùng cho set, không phải list.', 1, 5, '2025-09-10 14:07:24', '2025-09-10 14:07:24');
INSERT INTO codezone.assessment_question_options (id, content, is_correct, explanation, position,
                                                  assessment_question_id, created_at, updated_at)
VALUES (14, 'append()', true, 'đúng, đây là cách thêm 1 phần tử vào cuối list.', 2, 5, '2025-09-10 14:07:24',
        '2025-09-10 14:07:24');
INSERT INTO codezone.assessment_question_options (id, content, is_correct, explanation, position,
                                                  assessment_question_id, created_at, updated_at)
VALUES (15, 'insert()', false, 'chèn phần tử vào vị trí chỉ định, không phải cuối mặc định.', 3, 5,
        '2025-09-10 14:07:24', '2025-09-10 14:07:24');
INSERT INTO codezone.assessment_question_options (id, content, is_correct, explanation, position,
                                                  assessment_question_id, created_at, updated_at)
VALUES (16, 'func', false, 'không tồn tại.', 1, 6, '2025-09-10 14:07:24', '2025-09-10 14:07:24');
INSERT INTO codezone.assessment_question_options (id, content, is_correct, explanation, position,
                                                  assessment_question_id, created_at, updated_at)
VALUES (17, 'def', true, 'từ khóa chuẩn để định nghĩa hàm.', 2, 6, '2025-09-10 14:07:24', '2025-09-10 14:07:24');
INSERT INTO codezone.assessment_question_options (id, content, is_correct, explanation, position,
                                                  assessment_question_id, created_at, updated_at)
VALUES (18, 'lambda', true, 'đúng, định nghĩa hàm ẩn danh (anonymous function).', 3, 6, '2025-09-10 14:07:24',
        '2025-09-10 14:07:24');
INSERT INTO codezone.assessment_question_options (id, content, is_correct, explanation, position,
                                                  assessment_question_id, created_at, updated_at)
VALUES (19, '6.', false, 'nhầm, 2 * 3 = 6 chứ không phải 2 ** 3', 1, 7, '2025-09-10 14:07:24', '2025-09-10 14:07:24');
INSERT INTO codezone.assessment_question_options (id, content, is_correct, explanation, position,
                                                  assessment_question_id, created_at, updated_at)
VALUES (20, '8.', true, 'đúng, ** là toán tử lũy thừa, 2 ** 3 = 8', 2, 7, '2025-09-10 14:07:24', '2025-09-10 14:07:24');
INSERT INTO codezone.assessment_question_options (id, content, is_correct, explanation, position,
                                                  assessment_question_id, created_at, updated_at)
VALUES (21, '9.', false, 'nhầm với 3 ** 2', 3, 7, '2025-09-10 14:07:24', '2025-09-10 14:07:24');
INSERT INTO codezone.assessment_question_options (id, content, is_correct, explanation, position,
                                                  assessment_question_id, created_at, updated_at)
VALUES (22, 'list', false, 'list là mutable, không thể dùng làm key.', 1, 8, '2025-09-10 14:07:24',
        '2025-09-10 14:07:24');
INSERT INTO codezone.assessment_question_options (id, content, is_correct, explanation, position,
                                                  assessment_question_id, created_at, updated_at)
VALUES (23, 'tuple', true, 'đúng, tuple là immutable nên dùng làm key được.', 2, 8, '2025-09-10 14:07:24',
        '2025-09-10 14:07:24');
INSERT INTO codezone.assessment_question_options (id, content, is_correct, explanation, position,
                                                  assessment_question_id, created_at, updated_at)
VALUES (24, 'int', true, 'số nguyên có thể làm key.', 3, 8, '2025-09-10 14:07:24', '2025-09-10 14:07:24');
INSERT INTO codezone.assessment_question_options (id, content, is_correct, explanation, position,
                                                  assessment_question_id, created_at, updated_at)
VALUES (25, '5.', false, 'sai, vì "OpenAI" có 6 ký tự.', 1, 9, '2025-09-10 14:07:24', '2025-09-10 14:07:24');
INSERT INTO codezone.assessment_question_options (id, content, is_correct, explanation, position,
                                                  assessment_question_id, created_at, updated_at)
VALUES (26, '6.', true, 'đúng, chuỗi "OpenAI" dài 6 ký tự.', 2, 9, '2025-09-10 14:07:24', '2025-09-10 14:07:24');
INSERT INTO codezone.assessment_question_options (id, content, is_correct, explanation, position,
                                                  assessment_question_id, created_at, updated_at)
VALUES (27, '7.', false, 'không có khoảng trắng dư.', 3, 9, '2025-09-10 14:07:24', '2025-09-10 14:07:24');
INSERT INTO codezone.assessment_question_options (id, content, is_correct, explanation, position,
                                                  assessment_question_id, created_at, updated_at)
VALUES (28, '[1, 2, 3]', false, 'range(3) tạo ra 0, 1, 2, không bao gồm 3.', 1, 10, '2025-09-10 14:07:24',
        '2025-09-10 14:07:24');
INSERT INTO codezone.assessment_question_options (id, content, is_correct, explanation, position,
                                                  assessment_question_id, created_at, updated_at)
VALUES (29, '[0, 1, 2]', true, 'đúng, comprehension duyệt 0, 1, 2.', 2, 10, '2025-09-10 14:07:24',
        '2025-09-10 14:07:24');
INSERT INTO codezone.assessment_question_options (id, content, is_correct, explanation, position,
                                                  assessment_question_id, created_at, updated_at)
VALUES (30, '[0, 1, 2, 3]', false, 'nhầm, range(3) không bao gồm 3.', 3, 10, '2025-09-10 14:07:24',
        '2025-09-10 14:07:24');
INSERT INTO codezone.assessment_question_options (id, content, is_correct, explanation, position,
                                                  assessment_question_id, created_at, updated_at)
VALUES (31, '(x for x in range(5))', true, ' đúng, đây là generator expression.', 1, 11, '2025-09-10 14:07:24',
        '2025-09-10 14:07:24');
INSERT INTO codezone.assessment_question_options (id, content, is_correct, explanation, position,
                                                  assessment_question_id, created_at, updated_at)
VALUES (32, 'yield x trong một hàm', true, 'dùng yield trong hàm sẽ tạo generator function.', 2, 11,
        '2025-09-10 14:07:24', '2025-09-10 14:07:24');
INSERT INTO codezone.assessment_question_options (id, content, is_correct, explanation, position,
                                                  assessment_question_id, created_at, updated_at)
VALUES (33, '[x for x in range(5)] ', false, '❌ – đây là list comprehension, trả về list, không phải generator.', 3, 11,
        '2025-09-10 14:07:24', '2025-09-10 14:07:24');
INSERT INTO codezone.assessment_question_options (id, content, is_correct, explanation, position,
                                                  assessment_question_id, created_at, updated_at)
VALUES (34, '[1, 2, 3] ', false, '❌ – sai, b tham chiếu cùng list với a.', 1, 12, '2025-09-10 14:07:24',
        '2025-09-10 14:07:24');
INSERT INTO codezone.assessment_question_options (id, content, is_correct, explanation, position,
                                                  assessment_question_id, created_at, updated_at)
VALUES (35, '[1, 2, 3, 4] ', true, '✅ – đúng, thêm vào b cũng thay đổi a.', 2, 12, '2025-09-10 14:07:24',
        '2025-09-10 14:07:24');
INSERT INTO codezone.assessment_question_options (id, content, is_correct, explanation, position,
                                                  assessment_question_id, created_at, updated_at)
VALUES (36, 'Error ', false, '❌ – code hợp lệ.', 3, 12, '2025-09-10 14:07:24', '2025-09-10 14:07:24');
INSERT INTO codezone.assessment_question_options (id, content, is_correct, explanation, position,
                                                  assessment_question_id, created_at, updated_at)
VALUES (37, '.split() ', true, '✅ – đúng, chia chuỗi theo delimiter.', 1, 13, '2025-09-10 14:07:24',
        '2025-09-10 14:07:24');
INSERT INTO codezone.assessment_question_options (id, content, is_correct, explanation, position,
                                                  assessment_question_id, created_at, updated_at)
VALUES (38, '.join()', true, '✅ – đúng, nối list thành chuỗi.', 2, 13, '2025-09-10 14:07:24', '2025-09-10 14:07:24');
INSERT INTO codezone.assessment_question_options (id, content, is_correct, explanation, position,
                                                  assessment_question_id, created_at, updated_at)
VALUES (39, '.append() ', false, '❌ – chỉ có trong list, không có trong string.', 3, 13, '2025-09-10 14:07:24',
        '2025-09-10 14:07:24');
INSERT INTO codezone.assessment_question_options (id, content, is_correct, explanation, position,
                                                  assessment_question_id, created_at, updated_at)
VALUES (40, '3.', false, 'nhầm, vì y mặc định là 5.', 1, 14, '2025-09-10 14:07:24', '2025-09-10 14:07:24');
INSERT INTO codezone.assessment_question_options (id, content, is_correct, explanation, position,
                                                  assessment_question_id, created_at, updated_at)
VALUES (41, '8.', true, 'đúng, 3 + 5 = 8.', 2, 14, '2025-09-10 14:07:24', '2025-09-10 14:07:24');
INSERT INTO codezone.assessment_question_options (id, content, is_correct, explanation, position,
                                                  assessment_question_id, created_at, updated_at)
VALUES (42, 'Error ', false, '❌ – không lỗi vì có giá trị mặc định cho y.', 3, 14, '2025-09-10 14:07:24',
        '2025-09-10 14:07:24');
INSERT INTO codezone.assessment_question_options (id, content, is_correct, explanation, position,
                                                  assessment_question_id, created_at, updated_at)
VALUES (43, 'Kế thừa', true, 'cho phép class con dùng lại code của class cha.', 1, 15, '2025-09-10 14:07:24',
        '2025-09-10 14:07:24');
INSERT INTO codezone.assessment_question_options (id, content, is_correct, explanation, position,
                                                  assessment_question_id, created_at, updated_at)
VALUES (44, 'Đa hình', true, 'cùng interface nhưng hành vi khác nhau.', 2, 15, '2025-09-10 14:07:24',
        '2025-09-10 14:07:24');
INSERT INTO codezone.assessment_question_options (id, content, is_correct, explanation, position,
                                                  assessment_question_id, created_at, updated_at)
VALUES (45, 'Đóng gói', true, 'che giấu chi tiết, chỉ lộ ra interface.', 3, 15, '2025-09-10 14:07:24',
        '2025-09-10 14:07:24');
INSERT INTO codezone.assessment_question_options (id, content, is_correct, explanation, position,
                                                  assessment_question_id, created_at, updated_at)
VALUES (46, '[1] và [1] ', false, '❌ – sai, vì list mặc định được dùng chung.', 1, 16, '2025-09-10 14:07:24',
        '2025-09-10 14:07:24');
INSERT INTO codezone.assessment_question_options (id, content, is_correct, explanation, position,
                                                  assessment_question_id, created_at, updated_at)
VALUES (47, '[1] và [1, 1] ', true, '✅ – đúng, lần thứ hai tiếp tục append vào cùng list.', 2, 16,
        '2025-09-10 14:07:24', '2025-09-10 14:07:24');
INSERT INTO codezone.assessment_question_options (id, content, is_correct, explanation, position,
                                                  assessment_question_id, created_at, updated_at)
VALUES (48, '[1, 1] và [1, 1] ', false, '❌ – sai, in ra kết quả lần 1 là [1].', 3, 16, '2025-09-10 14:07:24',
        '2025-09-10 14:07:24');
INSERT INTO codezone.assessment_question_options (id, content, is_correct, explanation, position,
                                                  assessment_question_id, created_at, updated_at)
VALUES (49, 'Merge Sort', true, 'đúng, chia để trị → O(n log n).', 1, 17, '2025-09-10 14:07:24', '2025-09-10 14:07:24');
INSERT INTO codezone.assessment_question_options (id, content, is_correct, explanation, position,
                                                  assessment_question_id, created_at, updated_at)
VALUES (50, 'Quick Sort (trung bình)', true, 'trung bình O(n log n), nhưng worst case là O(n²).', 2, 17,
        '2025-09-10 14:07:24', '2025-09-10 14:07:24');
INSERT INTO codezone.assessment_question_options (id, content, is_correct, explanation, position,
                                                  assessment_question_id, created_at, updated_at)
VALUES (51, 'Bubble Sort', false, 'O(n²).', 3, 17, '2025-09-10 14:07:24', '2025-09-10 14:07:24');
INSERT INTO codezone.programming_assignment_details (assessment_id, function_name, code_templates, test_cases,
                                                     created_at, updated_at)
VALUES (2, 'removeDuplicates', '{
    "python": "from typing import List\\n\\nclass Solution:\\n    def removeDuplicates(self, nums: List[int]) -> int:\\n        # TODO: implement your solution here\\n        pass\\n"
}', '[
    {
        "inputs": [
            {
                "name": "nums",
                "type": "int[]",
                "value": "[1]"
            }
        ],
        "output": {
            "type": "int",
            "value": "1"
        }
    },
    {
        "inputs": [
            {
                "name": "nums",
                "type": "int[]",
                "value": "[1,1,1,1]"
            }
        ],
        "output": {
            "type": "int",
            "value": "1"
        }
    },
    {
        "inputs": [
            {
                "name": "nums",
                "type": "int[]",
                "value": "[0,0,1,1,1,2,2,3,3,4]"
            }
        ],
        "output": {
            "type": "int",
            "value": "5"
        }
    },
    {
        "inputs": [
            {
                "name": "nums",
                "type": "int[]",
                "value": "[-3,-3,-2,-1,-1,0,0,1,2,2]"
            }
        ],
        "output": {
            "type": "int",
            "value": "6"
        }
    }
]', '2025-09-10 14:07:24', '2025-09-10 14:07:24');
INSERT INTO codezone.programming_assignment_details (assessment_id, function_name, code_templates, test_cases,
                                                     created_at, updated_at)
VALUES (3, 'thirdMaximumNumber', '{
    "python": "from typing import List\\n\\nclass Solution:\\n    def thirdMaximumNumber(self, nums: List[int]) -> int:\\n        # TODO: implement your solution here\\n        pass\\n"
}', '[
    {
        "inputs": [
            {
                "name": "nums",
                "type": "int[]",
                "value": "[3,2,1]"
            }
        ],
        "output": {
            "type": "int",
            "value": "1"
        }
    },
    {
        "inputs": [
            {
                "name": "nums",
                "type": "int[]",
                "value": "[2,2,3,1]"
            }
        ],
        "output": {
            "type": "int",
            "value": "1"
        }
    },
    {
        "inputs": [
            {
                "name": "nums",
                "type": "int[]",
                "value": "[1,2,2,5,3,5]"
            }
        ],
        "output": {
            "type": "int",
            "value": "2"
        }
    }
]', '2025-09-10 14:07:24', '2025-09-10 14:07:24');
INSERT INTO codezone.programming_assignment_details (assessment_id, function_name, code_templates, test_cases,
                                                     created_at, updated_at)
VALUES (5, 'twoSum', '{
    "python": "from typing import List\\n\\nclass Solution:\\n    def twoSum(self, target: int, nums: List[int]) -> List[int]:\\n        # TODO: implement your solution here\\n        pass\\n"
}', '[
    {
        "inputs": [
            {
                "name": "target",
                "type": "int",
                "value": "989"
            },
            {
                "name": "nums",
                "type": "int[]",
                "value": "[1, -2, 3]"
            }
        ],
        "output": {
            "type": "int[]",
            "value": "[1, -2, 3]"
        }
    }
]', '2025-09-10 14:07:24', '2025-09-10 14:07:24');

INSERT INTO codezone.batches (id, start_at, end_at, course_id, created_at, updated_at)
VALUES (1, '2025-09-10 00:00:00', '2027-06-10 00:00:00', '3623d6e8-b930-4b73-80e0-c0a86e327732', '2025-09-10 14:07:24',
        '2025-09-10 14:07:24');
INSERT INTO codezone.batch_enrollments (id, batch_id, user_id, status, created_at, updated_at)
VALUES (1, 1, 2, 'not_started', '2025-09-10 14:07:24', '2025-09-10 14:07:24');
INSERT INTO codezone.batch_enrollments (id, batch_id, user_id, status, created_at, updated_at)
VALUES (2, 1, 3, 'not_started', '2025-09-10 14:07:24', '2025-09-10 14:07:24');
INSERT INTO codezone.batch_enrollments (id, batch_id, user_id, status, created_at, updated_at)
VALUES (3, 1, 4, 'not_started', '2025-09-10 14:07:24', '2025-09-10 14:07:24');
INSERT INTO codezone.batch_enrollments (id, batch_id, user_id, status, created_at, updated_at)
VALUES (4, 1, 5, 'not_started', '2025-09-10 14:07:24', '2025-09-10 14:07:24');
INSERT INTO codezone.batch_enrollments (id, batch_id, user_id, status, created_at, updated_at)
VALUES (5, 1, 6, 'not_started', '2025-09-10 14:07:24', '2025-09-10 14:07:24');
INSERT INTO codezone.batch_enrollments (id, batch_id, user_id, status, created_at, updated_at)
VALUES (6, 1, 7, 'not_started', '2025-09-10 14:07:24', '2025-09-10 14:07:24');
INSERT INTO codezone.batch_enrollments (id, batch_id, user_id, status, created_at, updated_at)
VALUES (7, 1, 8, 'not_started', '2025-09-10 14:07:24', '2025-09-10 14:07:24');
INSERT INTO codezone.batch_enrollments (id, batch_id, user_id, status, created_at, updated_at)
VALUES (8, 1, 9, 'not_started', '2025-09-10 14:07:24', '2025-09-10 14:07:24');
