INSERT INTO codezone.users (id, name, slug, email, email_verified_at, password, remember_token, role, status,
                            avatar_url, created_at, updated_at)
VALUES (1, 'Bùi Văn Huy', 'bui-van-huy', 'huy@codezone.com', '2025-07-16 07:57:22',
        '$2y$12$HoljsOWAgseg.FvcYlPUb.4xG9kbSh0RI791dPgB/gsqG.glziGPG', 'oCs8cWqhYX', 'instructor', 'active',
        'https://s120-ava-talk.zadn.vn/e/8/1/7/114/120/3e68e079d838923a991b2084d83f84c7.jpg', '2025-07-16 07:57:22',
        '2025-07-16 07:57:22');
INSERT INTO codezone.users (id, name, slug, email, email_verified_at, password, remember_token, role, status,
                            avatar_url, created_at, updated_at)
VALUES (2, 'Nguyễn Hoàng Bảo Quân', 'nguyen-hoang-bao-quan', 'baoquan@zalo.com', '2025-07-16 07:57:22',
        '$2y$12$HoljsOWAgseg.FvcYlPUb.4xG9kbSh0RI791dPgB/gsqG.glziGPG', 'UhBpv0OLwa', 'student', 'active',
        'https://s120-ava-talk.zadn.vn/e/b/c/4/14/120/46ccb5a6f617d44a0deb5b7c78cc57dd.jpg', '2025-07-16 07:57:22',
        '2025-07-16 07:57:22');
INSERT INTO codezone.users (id, name, slug, email, email_verified_at, password, remember_token, role, status,
                            avatar_url, created_at, updated_at)
VALUES (3, 'Kim Oanh', 'kim-oanh', 'oanh@zalo.com', '2025-07-16 07:57:22',
        '$2y$12$HoljsOWAgseg.FvcYlPUb.4xG9kbSh0RI791dPgB/gsqG.glziGPG', '32ZwAnKIxo', 'student', 'active',
        'https://s120-ava-talk.zadn.vn/f/7/3/9/16/120/cb49ec6773223cb8ec670fa5809cf03c.jpg', '2025-07-16 07:57:22',
        '2025-07-16 07:57:22');
INSERT INTO codezone.users (id, name, slug, email, email_verified_at, password, remember_token, role, status,
                            avatar_url, created_at, updated_at)
VALUES (4, 'Nhã Linh', 'nha-linh', 'nhalinh@zalo.com', '2025-07-16 07:57:22',
        '$2y$12$HoljsOWAgseg.FvcYlPUb.4xG9kbSh0RI791dPgB/gsqG.glziGPG', 'FFPlAw1Qus', 'student', 'active',
        'https://s120-ava-talk.zadn.vn/c/9/f/9/7/120/38b60c8ee3e418225e8271febf7ca1c2.jpg', '2025-07-16 07:57:22',
        '2025-07-16 07:57:22');
INSERT INTO codezone.users (id, name, slug, email, email_verified_at, password, remember_token, role, status,
                            avatar_url, created_at, updated_at)
VALUES (5, 'Bảo Anh', 'bao-anh', 'baoanh@zalo.com', '2025-07-16 07:57:22',
        '$2y$12$HoljsOWAgseg.FvcYlPUb.4xG9kbSh0RI791dPgB/gsqG.glziGPG', 'zozbCI3VAl', 'student', 'active',
        'https://s120-ava-talk.zadn.vn/5/5/f/c/9/120/52e2d7d39ba0a7df493334af72c494b4.jpg', '2025-07-16 07:57:22',
        '2025-07-16 07:57:22');
INSERT INTO codezone.users (id, name, slug, email, email_verified_at, password, remember_token, role, status,
                            avatar_url, created_at, updated_at)
VALUES (6, 'Thanh Thúy', 'thanh-thuy', 'thanhthuy@zalo.com', '2025-07-16 07:57:22',
        '$2y$12$HoljsOWAgseg.FvcYlPUb.4xG9kbSh0RI791dPgB/gsqG.glziGPG', 'JEnfFjxjIV', 'student', 'active',
        'https://s120-ava-talk.zadn.vn/f/d/3/f/11/120/bf87c651c9479056f13f557e64a813e3.jpg', '2025-07-16 07:57:22',
        '2025-07-16 07:57:22');
INSERT INTO codezone.users (id, name, slug, email, email_verified_at, password, remember_token, role, status,
                            avatar_url, created_at, updated_at)
VALUES (7, 'Lê Thị Mỹ Hằng', 'le-thi-my-hang', 'lethimyhang@zalo.com', '2025-07-16 07:57:22',
        '$2y$12$HoljsOWAgseg.FvcYlPUb.4xG9kbSh0RI791dPgB/gsqG.glziGPG', 'bhyS6IuZDt', 'student', 'active',
        'https://s120-ava-talk.zadn.vn/5/6/f/8/14/120/0c08f5c75cd695f3344a653c392efdf7.jpg', '2025-07-16 07:57:22',
        '2025-07-16 07:57:22');
INSERT INTO codezone.users (id, name, slug, email, email_verified_at, password, remember_token, role, status,
                            avatar_url, created_at, updated_at)
VALUES (8, 'Tu Pham', 'tu-pham', 'tu@zalo.com', '2025-07-16 07:57:22',
        '$2y$12$HoljsOWAgseg.FvcYlPUb.4xG9kbSh0RI791dPgB/gsqG.glziGPG', 'CBLQxl6CO0', 'student', 'active',
        'https://s120-ava-talk.zadn.vn/f/5/c/e/9/120/02c783d24913b12cb949206f4bbafe31.jpg', '2025-07-16 07:57:22',
        '2025-07-16 07:57:22');
INSERT INTO codezone.users (id, name, slug, email, email_verified_at, password, remember_token, role, status,
                            avatar_url, created_at, updated_at)
VALUES (9, 'Rylee John', 'rylee-john', 'berge.thurman@zalo.com', '2025-07-16 07:57:22',
        '$2y$12$HoljsOWAgseg.FvcYlPUb.4xG9kbSh0RI791dPgB/gsqG.glziGPG', '99xmuytpg1', 'student', 'active',
        'https://s120-ava-talk.zadn.vn/a/e/d/7/143/120/c5546614ce8d2fe81cc02eda9fff2d40.jpg', '2025-07-16 07:57:22',
        '2025-07-16 07:57:22');
INSERT INTO codezone.users (id, name, slug, email, email_verified_at, password, remember_token, role, status,
                            avatar_url, created_at, updated_at)
VALUES (10, 'Zalo', 'zalo', 'codezone@zalo.com', '2025-07-16 07:57:22',
        '$2y$12$HoljsOWAgseg.FvcYlPUb.4xG9kbSh0RI791dPgB/gsqG.glziGPG', '3H6eUsprpP', 'organization', 'active',
        'https://s120-ava-talk.zadn.vn/e/6/2/5/36/120/16782d311b12da6d28daa13e343986b8.jpg', '2025-07-16 07:57:22',
        '2025-07-16 07:57:22');
INSERT INTO codezone.categories (id, name, slug, parent_id, icon_url, thumbnail_url, position, deleted_at, created_at,
                                 updated_at)
VALUES (1, 'Web Development', 'web-development', null, null, null, 0, null, '2025-06-13 16:15:33',
        '2025-06-13 16:15:33');
INSERT INTO codezone.categories (id, name, slug, parent_id, icon_url, thumbnail_url, position, deleted_at, created_at,
                                 updated_at)
VALUES (2, 'Mobile Development', 'mobile-development', null, null, null, 0, null, '2025-06-13 16:15:33',
        '2025-06-13 16:15:33');
INSERT INTO codezone.categories (id, name, slug, parent_id, icon_url, thumbnail_url, position, deleted_at, created_at,
                                 updated_at)
VALUES (3, 'Data Science & Machine Learning', 'data-science-and-machine-learning', null, null, null, 0, null,
        '2025-06-13 16:15:33', '2025-06-13 16:15:33');
INSERT INTO codezone.categories (id, name, slug, parent_id, icon_url, thumbnail_url, position, deleted_at, created_at,
                                 updated_at)
VALUES (4, 'Game Development', 'game-development', null, null, null, 0, null, '2025-06-13 16:15:33',
        '2025-06-13 16:15:33');
INSERT INTO codezone.categories (id, name, slug, parent_id, icon_url, thumbnail_url, position, deleted_at, created_at,
                                 updated_at)
VALUES (5, 'DevOps & Cloud', 'devops-and-cloud', null, null, null, 0, null, '2025-06-13 16:15:33',
        '2025-06-13 16:15:33');
INSERT INTO codezone.categories (id, name, slug, parent_id, icon_url, thumbnail_url, position, deleted_at, created_at,
                                 updated_at)
VALUES (6, 'Frontend Frameworks', 'frontend-frameworks', 1, null, null, 0, null, '2025-06-13 16:15:33',
        '2025-06-13 16:15:33');
INSERT INTO codezone.categories (id, name, slug, parent_id, icon_url, thumbnail_url, position, deleted_at, created_at,
                                 updated_at)
VALUES (7, 'Backend Frameworks', 'backend-frameworks', 1, null, null, 0, null, '2025-06-13 16:15:33',
        '2025-06-13 16:15:33');
INSERT INTO codezone.categories (id, name, slug, parent_id, icon_url, thumbnail_url, position, deleted_at, created_at,
                                 updated_at)
VALUES (8, 'Full-Stack Development', 'full-stack-development', 1, null, null, 0, null, '2025-06-13 16:15:33',
        '2025-06-13 16:15:33');
INSERT INTO codezone.categories (id, name, slug, parent_id, icon_url, thumbnail_url, position, deleted_at, created_at,
                                 updated_at)
VALUES (9, 'Android', 'android', 2, null, null, 0, null, '2025-06-13 16:15:33', '2025-06-13 16:15:33');
INSERT INTO codezone.categories (id, name, slug, parent_id, icon_url, thumbnail_url, position, deleted_at, created_at,
                                 updated_at)
VALUES (10, 'iOS', 'ios', 2, null, null, 0, null, '2025-06-13 16:15:33', '2025-06-13 16:15:33');
INSERT INTO codezone.categories (id, name, slug, parent_id, icon_url, thumbnail_url, position, deleted_at, created_at,
                                 updated_at)
VALUES (11, 'Cross Platform', 'cross-platform', 2, null, null, 0, null, '2025-06-13 16:15:33', '2025-06-13 16:15:33');
INSERT INTO codezone.categories (id, name, slug, parent_id, icon_url, thumbnail_url, position, deleted_at, created_at,
                                 updated_at)
VALUES (12, 'Hybrid', 'hybrid', 2, null, null, 0, null, '2025-06-13 16:15:33', '2025-06-13 16:15:33');
INSERT INTO codezone.categories (id, name, slug, parent_id, icon_url, thumbnail_url, position, deleted_at, created_at,
                                 updated_at)
VALUES (13, 'Data Analysis', 'data-analysis', 3, null, null, 0, null, '2025-06-13 16:15:33', '2025-06-13 16:15:33');
INSERT INTO codezone.categories (id, name, slug, parent_id, icon_url, thumbnail_url, position, deleted_at, created_at,
                                 updated_at)
VALUES (14, 'Machine Learning', 'machine-learning', 3, null, null, 0, null, '2025-06-13 16:15:33',
        '2025-06-13 16:15:33');
INSERT INTO codezone.categories (id, name, slug, parent_id, icon_url, thumbnail_url, position, deleted_at, created_at,
                                 updated_at)
VALUES (15, 'Deep Learning', 'deep-learning', 3, null, null, 0, null, '2025-06-13 16:15:33', '2025-06-13 16:15:33');
INSERT INTO codezone.categories (id, name, slug, parent_id, icon_url, thumbnail_url, position, deleted_at, created_at,
                                 updated_at)
VALUES (16, 'Data Visualization', 'data-visualization', 3, null, null, 0, null, '2025-06-13 16:15:33',
        '2025-06-13 16:15:33');
INSERT INTO codezone.categories (id, name, slug, parent_id, icon_url, thumbnail_url, position, deleted_at, created_at,
                                 updated_at)
VALUES (17, 'Natural Language Processing', 'natural-language-processing', 3, null, null, 0, null, '2025-06-13 16:15:33',
        '2025-06-13 16:15:33');
INSERT INTO codezone.categories (id, name, slug, parent_id, icon_url, thumbnail_url, position, deleted_at, created_at,
                                 updated_at)
VALUES (18, 'Unity', 'unity', 4, null, null, 0, null, '2025-06-13 16:15:33', '2025-06-13 16:15:33');
INSERT INTO codezone.categories (id, name, slug, parent_id, icon_url, thumbnail_url, position, deleted_at, created_at,
                                 updated_at)
VALUES (19, 'Unreal Engine', 'unreal-engine', 4, null, null, 0, null, '2025-06-13 16:15:33', '2025-06-13 16:15:33');
INSERT INTO codezone.categories (id, name, slug, parent_id, icon_url, thumbnail_url, position, deleted_at, created_at,
                                 updated_at)
VALUES (20, '2D Game Development', '2d-game-development', 4, null, null, 0, null, '2025-06-13 16:15:33',
        '2025-06-13 16:15:33');
INSERT INTO codezone.categories (id, name, slug, parent_id, icon_url, thumbnail_url, position, deleted_at, created_at,
                                 updated_at)
VALUES (21, '3D Game Development', '3d-game-development', 4, null, null, 0, null, '2025-06-13 16:15:33',
        '2025-06-13 16:15:33');
INSERT INTO codezone.categories (id, name, slug, parent_id, icon_url, thumbnail_url, position, deleted_at, created_at,
                                 updated_at)
VALUES (22, 'Linux & Shell Scripting', 'linux-and-shell-scripting', 5, null, null, 0, null, '2025-06-13 16:15:33',
        '2025-06-13 16:15:33');
INSERT INTO codezone.categories (id, name, slug, parent_id, icon_url, thumbnail_url, position, deleted_at, created_at,
                                 updated_at)
VALUES (23, 'Docker & Kubernetes', 'docker-and-kubernetes', 5, null, null, 0, null, '2025-06-13 16:15:33',
        '2025-06-13 16:15:33');
INSERT INTO codezone.categories (id, name, slug, parent_id, icon_url, thumbnail_url, position, deleted_at, created_at,
                                 updated_at)
VALUES (24, 'CI/CD', 'cicd', 5, null, null, 0, null, '2025-06-13 16:15:33', '2025-06-13 16:15:33');
INSERT INTO codezone.categories (id, name, slug, parent_id, icon_url, thumbnail_url, position, deleted_at, created_at,
                                 updated_at)
VALUES (25, 'Other', 'other', null, null, null, 0, null, '2025-06-14 20:39:39', '2025-06-14 20:39:41');

INSERT INTO codezone.courses (id, title, slug, heading, description, thumbnail_url, price, enrollment_count,
                              review_count, lesson_count, rating, duration, level, status, category_id, skills,
                              requirements, user_id, created_at, updated_at)
VALUES ('7f830560-72ad-45b4-8e69-4dbe2859228e', 'Docker & Kubernetes: The Practical Guide [2025 Edition]',
        'docker-kubernetes-the-practical-guide-2025-edition',
        'Learn Docker, Docker Compose, Multi-Container Projects, Deployment and all about Kubernetes from the ground up!', 'Join this bestselling Docker & Kubernetes course and learn two of the most important development technologies from the ground up, in great detail!
-
Docker & Kubernetes are amongst the most in-demand technologies and topics you can learn these days.
Why?
Because they significantly simplify the development and deployment process of both simple and complex software projects. Especially in web development (though not limited to that), Docker can really take you to the next level!
With Docker, you create and manage so-called "Containers" - basically packages of code and tools required to run that code. These containers allow you to run your programs in a predictable, environment-independent way - no matter where you need to run it.
', null, 0.000, 6, 0, 10, 0.0, 6210, 'beginner', 'pending', 23,
        '[{"name": "Learn what Docker and Kubernetes are and why you might want to use them"}, {"name": "Learn how to install and use Docker on any system (macOS, Windows, Linux)"}, {"name": "Learn how to create and use Images & Containers with Docker"}, {"name": "Understand complex topics like managing and persisting data with Volumes"}, {"name": "Learn about Container Networking with Docker Networks and DNS Service Discovery"}, {"name": "Learn how to deploy Docker applications - manually, with managed services or with Kubernetes"}]',
        '[{"name": "NO prior Docker or Kubernetes experience is required!"}, {"name": "Basic (web) development knowledge is required - you don\'t need to know a specific language though"}, {"name": "AWS (used in a couple of deployment examples, ~4 hours of the course) requires a credit card - you can also follow along passively though"}]', 10, '2025-07-16 08:19:51', '2025-07-16 08:19:51');
INSERT INTO codezone.modules (id, title, slug, lesson_count, position, duration, course_id, created_at, updated_at) VALUES ('6659dbfa-bc5f-4cb2-9baf-36ac5b3b57a7', 'Getting Started', 'getting-started', 5, 0, 3837, '7f830560-72ad-45b4-8e69-4dbe2859228e', '2025-07-16 08:19:51', '2025-07-16 08:19:51');
INSERT INTO codezone.modules (id, title, slug, lesson_count, position, duration, course_id, created_at, updated_at) VALUES ('c54c8481-4b4c-496d-9ed1-574fd8b843e6', 'Docker Images & Containers: The Core Building Blocks', 'docker-images-containers-the-core-building-blocks', 5, 1, 2373, '7f830560-72ad-45b4-8e69-4dbe2859228e', '2025-07-16 08:19:51', '2025-07-16 08:19:51');
INSERT INTO codezone.lessons (id, title, slug, content, video_url, position, duration, preview, type, resources, module_id, created_at, updated_at) VALUES ('31eecaa4-c4b9-463f-b7be-ca51ba02c0b4', 'Why Docker & Containers?', 'why-docker-containers', '', '/storage/course/videos/2WnteDh9ZFY4FnuqdwEcenzN5L8OH6QsYsNoqq6i.mp4', 2, 1107, false, 'video', null, '6659dbfa-bc5f-4cb2-9baf-36ac5b3b57a7', '2025-07-16 08:19:51', '2025-07-16 08:19:51');
INSERT INTO codezone.lessons (id, title, slug, content, video_url, position, duration, preview, type, resources, module_id, created_at, updated_at) VALUES ('4e93e6bc-b744-4b25-bd18-b27e8f6961ff', 'Time to Practice: Images & Containers', 'time-to-practice-images-containers', '', '', 3, 0, false, 'assessment', null, 'c54c8481-4b4c-496d-9ed1-574fd8b843e6', '2025-07-16 08:19:51', '2025-07-16 08:19:51');
INSERT INTO codezone.lessons (id, title, slug, content, video_url, position, duration, preview, type, resources, module_id, created_at, updated_at) VALUES ('60579451-c9b1-4275-a591-f5200cc0c3ae', 'Docker Setup - Overview', 'docker-setup-overview', '', '', 4, 0, false, 'assessment', null, 'c54c8481-4b4c-496d-9ed1-574fd8b843e6', '2025-07-16 08:19:51', '2025-07-16 08:19:51');
INSERT INTO codezone.lessons (id, title, slug, content, video_url, position, duration, preview, type, resources, module_id, created_at, updated_at) VALUES ('6e690bee-af30-4d81-a97e-4450f2db7dea', 'Module Introduction', 'module-introduction', '', '/storage/course/videos/tI7bZriPL4l5eL2SPzIDRxYg6moXsQTPwQtHO6Q7.mp4', 0, 1190, true, 'video', null, 'c54c8481-4b4c-496d-9ed1-574fd8b843e6', '2025-07-16 08:19:51', '2025-07-16 08:19:51');
INSERT INTO codezone.lessons (id, title, slug, content, video_url, position, duration, preview, type, resources, module_id, created_at, updated_at) VALUES ('74ff04c4-610b-4e13-9285-d97c4f56783a', 'Join Our Learning Community', 'join-our-learning-community', '# 🌟 Join Our Learning Community! 🌟

Unlock your potential by becoming a part of our supportive and dynamic learning community.

## 🎯 Benefits:
- ✅ **Real-time feedback** and collaboration
- ✅ Access to **exclusive resources** and live workshops
- ✅ **Engaging discussions** with passionate learners and mentors
- ✅ A space where **questions are welcome** and **growth is constant**

---

🧠 **Learn together. Grow together. Succeed together.**

> _"Alone we can do so little;
together
we can do so much." – Helen Keller_

---

👉 **Ready to start?**
Click the button below and **take the next step in your learning journey!**

**[Join Now](#)**
🔗
', '', 3, 0, false, 'document', null, '6659dbfa-bc5f-4cb2-9baf-36ac5b3b57a7', '
2025-07-16 08:19:51
', '2025-07-16 08:19:51
');
INSERT INTO codezone.lessons (id, title, slug, content, video_url, position, duration, preview, type, resources, module_id, created_at, updated_at) VALUES ('7c5add36-1f2f-469e-8eda-81ce77ee7535', 'What Is Docker?', 'what-is-docker', '', '/storage/course/videos/hHJHlsaKXFESo8ofvweJNgf2uXovXqmix2AYNHTP.mp4', 1, 1190, false, 'video', null, '6659dbfa-bc5f-4cb2-9baf-36ac5b3b57a7', '
2025-07-16 08:19:51
', '2025-07-16 08:19:51
');
INSERT INTO codezone.lessons (id, title, slug, content, video_url, position, duration, preview, type, resources, module_id, created_at, updated_at) VALUES ('7ec8ab1d-47d2-4740-921d-f2fadc7fd1ee', 'EXPOSE & A Little Utility Functionality', 'expose-a-little-utility-functionality', '# Docker Setup - Overview

##
🐳 Giới thiệu về Docker

Docker là một nền tảng mã nguồn mở giúp bạn xây dựng, triển khai và chạy ứng dụng trong các container. Container giúp đóng gói ứng dụng cùng toàn bộ môi trường cần thiết để chạy, đảm bảo tính nhất quán trên nhiều môi trường khác nhau.

---

##
🛠 Yêu cầu hệ thống

- Hệ điều hành:
  - Windows 10/11 (Pro, Enterprise, hoặc Education)
  - macOS (Intel hoặc Apple Silicon)
  - Linux (Ubuntu, Debian, Fedora, CentOS,...)
- Cài đặt WSL 2 (Windows)
- Quyền admin để cài Docker

---

##
🚀 Cài đặt Docker

### Trên Windows/macOS

1. Truy cập: https://www.docker.com/products/docker-desktop/
2. Tải Docker Desktop phù hợp với hệ điều hành.
3. Cài đặt theo hướng dẫn.
4. Khởi động Docker Desktop và kiểm tra bằng lệnh:

', '', 2, 0, false, 'document', null, 'c54c8481-4b4c-496d-9ed1-574fd8b843e6', '
2025-07-16 08:19:51
', '2025-07-16 08:19:51
');
INSERT INTO codezone.lessons (id, title, slug, content, video_url, position, duration, preview, type, resources, module_id, created_at, updated_at) VALUES ('d93d8321-76ec-4561-83b4-802744ebdaf7', 'Welcome to the Course', 'welcome-to-the-course', '', '/storage/course/videos/dpoeTRLh3Y1NIYwvAXbt4iEVkkrgsBJMsiXFGzdB.mp4', 0, 433, true, 'video', null, '6659dbfa-bc5f-4cb2-9baf-36ac5b3b57a7', '
2025-07-16 08:19:51
', '2025-07-16 08:19:51
');
INSERT INTO codezone.lessons (id, title, slug, content, video_url, position, duration, preview, type, resources, module_id, created_at, updated_at) VALUES ('e3c82a0c-7387-4ca3-a01e-60dd133369da', 'Virtual Machines vs Docker Containers', 'virtual-machines-vs-docker-containers', '', '/storage/course/videos/b9AHp8VNeA2MGIKXfvHUCgigDwIGcRKq9picRzH4.mp4', 4, 1107, false, 'video', null, '6659dbfa-bc5f-4cb2-9baf-36ac5b3b57a7', '
2025-07-16 08:19:51
', '2025-07-16 08:19:51
');
INSERT INTO codezone.lessons (id, title, slug, content, video_url, position, duration, preview, type, resources, module_id, created_at, updated_at) VALUES ('f17e136f-85d1-4a5f-8342-765adbb2a5c2', 'Images & Containers: What and Why?', 'images-containers-what-and-why', '', '/storage/course/videos/mUDNjNc4heHW4i7LVc99CxcEPzieCCqpKEZNeMHY.mp4', 1, 1183, false, 'video', null, 'c54c8481-4b4c-496d-9ed1-574fd8b843e6', '
2025-07-16 08:19:51
', '2025-07-16 08:19:51
');
INSERT INTO codezone.assessments (id, title, description, type, questions_count, lesson_id, created_at, updated_at) VALUES (1, 'Time to Practice: Images & Containers', 'Học tập hiệu quả không chỉ đến từ tài liệu và bài giảng, mà còn từ việc trao đổi, chia sẻ và hỗ trợ lẫn nhau trong cộng đồng. Trong bài tập này, bạn sẽ tham gia vào cộng đồng học tập của khóa học để:', 'assignment', 1, '4e93e6bc-b744-4b25-bd18-b27e8f6961ff', '
2025-07-16 08:19:51
', '2025-07-16 08:19:51
');
INSERT INTO codezone.assessments (id, title, description, type, questions_count, lesson_id, created_at, updated_at) VALUES (2, 'Docker Setup - Overview', 'Trong bài tập này, bạn sẽ tìm hiểu và thực hành quy trình cài đặt Docker trên hệ điều hành của bạn (Windows, macOS hoặc Linux). Mục tiêu là giúp bạn nắm rõ các bước cài đặt, cấu hình và kiểm tra Docker hoạt động đúng, từ đó chuẩn bị môi trường để làm việc với container hóa ứng dụng.', 'quiz', 5, '60579451-c9b1-4275-a591-f5200cc0c3ae', '
2025-07-16 08:19:51
', '2025-07-16 08:19:51
');
INSERT INTO codezone.assessment_questions (id, content, type, position, assessment_id, created_at, updated_at) VALUES (1, 'Which file does Laravel use to define web routes?', 'multiple_choice', 2, 2, '
2025-07-16 08:19:51
', '2025-07-16 08:19:51
');
INSERT INTO codezone.assessment_questions (id, content, type, position, assessment_id, created_at, updated_at) VALUES (2, 'What is the purpose of Middleware in Laravel?', 'multiple_choice', 3, 2, '
2025-07-16 08:19:51
', '2025-07-16 08:19:51
');
INSERT INTO codezone.assessment_questions (id, content, type, position, assessment_id, created_at, updated_at) VALUES (3, 'Which Artisan command creates a new migration?', 'multiple_choice', 4, 2, '
2025-07-16 08:19:51
', '2025-07-16 08:19:51
');
INSERT INTO codezone.assessment_questions (id, content, type, position, assessment_id, created_at, updated_at) VALUES (4, 'Laravel stores broadcasting channel definitions in which file?', 'multiple_choice', 5, 2, '
2025-07-16 08:19:51
', '2025-07-16 08:19:51
');
INSERT INTO codezone.assessment_questions (id, content, type, position, assessment_id, created_at, updated_at) VALUES (5, 'What does the php artisan make:controller command do?', 'multiple_choice', 6, 2, '
2025-07-16 08:19:51
', '2025-07-16 08:19:51
');
INSERT INTO codezone.assessment_question_options (id, content, is_correct, explanation, position, assessment_question_id, created_at, updated_at) VALUES (1, 'routes/api.php', false, 'Used for API routes, not web.', 0, 1, '
2025-07-16 08:19:51
', '2025-07-16 08:19:51
');
INSERT INTO codezone.assessment_question_options (id, content, is_correct, explanation, position, assessment_question_id, created_at, updated_at) VALUES (2, 'routes/web.php', true, 'Correct file for web routes.', 1, 1, '
2025-07-16 08:19:51
', '2025-07-16 08:19:51
');
INSERT INTO codezone.assessment_question_options (id, content, is_correct, explanation, position, assessment_question_id, created_at, updated_at) VALUES (3, 'routes/console.php', false, 'Used for Artisan commands.', 2, 1, '
2025-07-16 08:19:51
', '2025-07-16 08:19:51
');
INSERT INTO codezone.assessment_question_options (id, content, is_correct, explanation, position, assessment_question_id, created_at, updated_at) VALUES (4, 'routes/channels.php', false, 'Defines broadcasting channels.', 3, 1, '
2025-07-16 08:19:51
', '2025-07-16 08:19:51
');
INSERT INTO codezone.assessment_question_options (id, content, is_correct, explanation, position, assessment_question_id, created_at, updated_at) VALUES (5, 'Preprocess request before controller', true, 'Core purpose of middleware.', 0, 2, '
2025-07-16 08:19:51
', '2025-07-16 08:19:51
');
INSERT INTO codezone.assessment_question_options (id, content, is_correct, explanation, position, assessment_question_id, created_at, updated_at) VALUES (6, 'Communicate with database', false, 'Not the role of middleware.', 1, 2, '
2025-07-16 08:19:51
', '2025-07-16 08:19:51
');
INSERT INTO codezone.assessment_question_options (id, content, is_correct, explanation, position, assessment_question_id, created_at, updated_at) VALUES (7, 'Return view', false, 'Middleware doesn
\'t return views.', 2, 2, '2025-07-16 08:19:51', '2025-07-16 08:19:51');
INSERT INTO codezone.assessment_question_options (id, content, is_correct, explanation, position,
                                                  assessment_question_id, created_at, updated_at)
VALUES (8, 'Middleware is used for this too.', true,
        'Laravel thường dùng middleware để kiểm tra xác thực và phân quyền.', 3, 2, '2025-07-16 08:19:51',
        '2025-07-16 08:19:51');
INSERT INTO codezone.assessment_question_options (id, content, is_correct, explanation, position,
                                                  assessment_question_id, created_at, updated_at)
VALUES (9, 'php artisan make:model', false, 'Creates model only.', 0, 3, '2025-07-16 08:19:51', '2025-07-16 08:19:51');
INSERT INTO codezone.assessment_question_options (id, content, is_correct, explanation, position,
                                                  assessment_question_id, created_at, updated_at)
VALUES (10, 'php artisan make:controller', false, 'Creates controller', 1, 3, '2025-07-16 08:19:51',
        '2025-07-16 08:19:51');
INSERT INTO codezone.assessment_question_options (id, content, is_correct, explanation, position,
                                                  assessment_question_id, created_at, updated_at)
VALUES (11, 'php artisan make:migration', true, 'Correct command.', 2, 3, '2025-07-16 08:19:51', '2025-07-16 08:19:51');
INSERT INTO codezone.assessment_question_options (id, content, is_correct, explanation, position,
                                                  assessment_question_id, created_at, updated_at)
VALUES (12, 'php artisan route:list', false, 'Displays route list.', 3, 3, '2025-07-16 08:19:51',
        '2025-07-16 08:19:51');
INSERT INTO codezone.assessment_question_options (id, content, is_correct, explanation, position,
                                                  assessment_question_id, created_at, updated_at)
VALUES (13, 'routes/web.php', false, 'Used for web routes', 0, 4, '2025-07-16 08:19:51', '2025-07-16 08:19:51');
INSERT INTO codezone.assessment_question_options (id, content, is_correct, explanation, position,
                                                  assessment_question_id, created_at, updated_at)
VALUES (14, 'routes/channels.php', true, 'Correct.', 1, 4, '2025-07-16 08:19:51', '2025-07-16 08:19:51');
INSERT INTO codezone.assessment_question_options (id, content, is_correct, explanation, position,
                                                  assessment_question_id, created_at, updated_at)
VALUES (15, 'routes/api.php', false, 'For API routes.', 2, 4, '2025-07-16 08:19:51', '2025-07-16 08:19:51');
INSERT INTO codezone.assessment_question_options (id, content, is_correct, explanation, position,
                                                  assessment_question_id, created_at, updated_at)
VALUES (16, 'routes/console.php', false, 'For console commands.', 3, 4, '2025-07-16 08:19:51', '2025-07-16 08:19:51');
INSERT INTO codezone.assessment_question_options (id, content, is_correct, explanation, position,
                                                  assessment_question_id, created_at, updated_at)
VALUES (17, 'Creates a migration', false, 'Incorrect', 0, 5, '2025-07-16 08:19:51', '2025-07-16 08:19:51');
INSERT INTO codezone.assessment_question_options (id, content, is_correct, explanation, position,
                                                  assessment_question_id, created_at, updated_at)
VALUES (18, 'Creates a controller', true, 'Correct.', 1, 5, '2025-07-16 08:19:51', '2025-07-16 08:19:51');
INSERT INTO codezone.assessment_question_options (id, content, is_correct, explanation, position,
                                                  assessment_question_id, created_at, updated_at)
VALUES (19, 'Creates a route', false, 'Routes are not auto-created.', 2, 5, '2025-07-16 08:19:51',
        '2025-07-16 08:19:51');
INSERT INTO codezone.assessment_question_options (id, content, is_correct, explanation, position,
                                                  assessment_question_id, created_at, updated_at)
VALUES (20, 'Creates a model', false, 'Use make:model instead', 3, 5, '2025-07-16 08:19:51', '2025-07-16 08:19:51');
INSERT INTO codezone.batches (id, start_at, end_at, course_id, created_at, updated_at)
VALUES (1, '2025-07-16 00:00:00', '2026-07-16 00:00:00', '7f830560-72ad-45b4-8e69-4dbe2859228e', '2025-07-16 08:19:51',
        '2025-07-16 08:19:51');
INSERT INTO codezone.batch_enrollments (id, batch_id, user_id, status, created_at, updated_at)
VALUES (1, 1, 9, 'not_started', '2025-07-16 08:19:51', '2025-07-16 08:19:51');
INSERT INTO codezone.batch_enrollments (id, batch_id, user_id, status, created_at, updated_at)
VALUES (2, 1, 8, 'not_started', '2025-07-16 08:19:51', '2025-07-16 08:19:51');
INSERT INTO codezone.batch_enrollments (id, batch_id, user_id, status, created_at, updated_at)
VALUES (3, 1, 6, 'not_started', '2025-07-16 08:19:51', '2025-07-16 08:19:51');
INSERT INTO codezone.batch_enrollments (id, batch_id, user_id, status, created_at, updated_at)
VALUES (4, 1, 7, 'not_started', '2025-07-16 08:19:51', '2025-07-16 08:19:51');
INSERT INTO codezone.batch_enrollments (id, batch_id, user_id, status, created_at, updated_at)
VALUES (5, 1, 5, 'not_started', '2025-07-16 08:19:51', '2025-07-16 08:19:51');
INSERT INTO codezone.batch_enrollments (id, batch_id, user_id, status, created_at, updated_at)
VALUES (6, 1, 3, 'not_started', '2025-07-16 08:19:51', '2025-07-16 08:19:51');
